timestamp(microsec),image,diff2base(sec)
1640978056070588548,"[[0. 0. 0. ... 0. 0. 0.]
 [0. 0. 0. ... 0. 0. 0.]
 [0. 0. 0. ... 0. 0. 0.]
 ...
 [0. 0. 0. ... 0. 0. 0.]
 [0. 0. 0. ... 0. 0. 0.]
 [0. 0. 0. ... 0. 0. 0.]]",0
1640978057087255386,"[[[164 125 173]
  [158 119 167]
  [153 112 160]
  ...
  [114  70  92]
  [113  72  93]
  [113  72  93]]

 [[159 120 168]
  [159 120 168]
  [158 116 164]
  ...
  [117  73  94]
  [116  74  95]
  [119  78  99]]

 [[152 113 161]
  [155 115 163]
  [160 119 167]
  ...
  [111  69  92]
  [117  75  96]
  [122  80 101]]

 ...

 [[214 163 199]
  [222 171 207]
  [225 174 208]
  ...
  [126  88  92]
  [126  88  92]
  [131  92  97]]

 [[226 175 211]
  [226 175 211]
  [226 175 211]
  ...
  [134  96 100]
  [132  94  98]
  [131  92  97]]

 [[226 175 211]
  [222 171 207]
  [220 169 205]
  ...
  [135  97 101]
  [135  97 101]
  [139 101 105]]]",0.016666838
1640978057103922458,"[[[164 125 173]
  [158 119 167]
  [153 112 160]
  ...
  [114  70  92]
  [113  72  93]
  [113  72  93]]

 [[159 120 168]
  [159 120 168]
  [158 116 164]
  ...
  [117  73  94]
  [116  74  95]
  [119  78  99]]

 [[152 113 161]
  [155 115 163]
  [160 119 167]
  ...
  [111  69  92]
  [117  75  96]
  [122  80 101]]

 ...

 [[214 163 199]
  [222 171 207]
  [225 174 208]
  ...
  [126  88  92]
  [126  88  92]
  [131  92  97]]

 [[226 175 211]
  [226 175 211]
  [226 175 211]
  ...
  [134  96 100]
  [132  94  98]
  [131  92  97]]

 [[226 175 211]
  [222 171 207]
  [220 169 205]
  ...
  [135  97 101]
  [135  97 101]
  [139 101 105]]]",0.016667244
1640978057120588716,"[[[164 125 173]
  [158 119 167]
  [153 112 160]
  ...
  [114  70  92]
  [113  72  93]
  [113  72  93]]

 [[159 120 168]
  [159 120 168]
  [158 116 164]
  ...
  [117  73  94]
  [116  74  95]
  [119  78  99]]

 [[152 113 161]
  [155 115 163]
  [160 119 167]
  ...
  [111  69  92]
  [117  75  96]
  [122  80 101]]

 ...

 [[214 163 199]
  [222 171 207]
  [225 174 208]
  ...
  [126  88  92]
  [126  88  92]
  [131  92  97]]

 [[226 175 211]
  [226 175 211]
  [226 175 211]
  ...
  [134  96 100]
  [132  94  98]
  [131  92  97]]

 [[226 175 211]
  [222 171 207]
  [220 169 205]
  ...
  [135  97 101]
  [135  97 101]
  [139 101 105]]]",0.016666836
1640978057137256158,"[[[164 125 173]
  [158 119 167]
  [153 112 160]
  ...
  [114  70  92]
  [113  72  93]
  [113  72  93]]

 [[159 120 168]
  [159 120 168]
  [158 116 164]
  ...
  [117  73  94]
  [116  74  95]
  [119  78  99]]

 [[152 113 161]
  [155 115 163]
  [160 119 167]
  ...
  [111  69  92]
  [117  75  96]
  [122  80 101]]

 ...

 [[214 163 199]
  [222 171 207]
  [225 174 208]
  ...
  [126  88  92]
  [126  88  92]
  [131  92  97]]

 [[226 175 211]
  [226 175 211]
  [226 175 211]
  ...
  [134  96 100]
  [132  94  98]
  [131  92  97]]

 [[226 175 211]
  [222 171 207]
  [220 169 205]
  ...
  [135  97 101]
  [135  97 101]
  [139 101 105]]]",0.016667612
1640978057153922397,"[[[160 113 169]
  [159 112 168]
  [157 111 167]
  ...
  [120  74 109]
  [120  75 108]
  [116  70 103]]

 [[161 115 170]
  [156 110 166]
  [159 112 168]
  ...
  [122  75 111]
  [124  78 111]
  [118  73 105]]

 [[169 124 177]
  [167 121 175]
  [160 113 169]
  ...
  [112  67 100]
  [118  73 105]
  [123  77 110]]

 ...

 [[227 181 202]
  [226 180 201]
  [227 180 204]
  ...
  [127  88  88]
  [130  92  90]
  [133  94  92]]

 [[233 186 208]
  [233 186 208]
  [229 182 206]
  ...
  [130  89  89]
  [135  96  96]
  [136  97  97]]

 [[220 174 195]
  [225 178 200]
  [225 178 202]
  ...
  [133  92  92]
  [137  98  98]
  [142 103 103]]]",0.016667185
1640978057170588951,"[[[160 113 169]
  [159 112 168]
  [157 111 167]
  ...
  [120  74 109]
  [120  75 108]
  [116  70 103]]

 [[161 115 170]
  [156 110 166]
  [159 112 168]
  ...
  [122  75 111]
  [124  78 111]
  [118  73 105]]

 [[169 124 177]
  [167 121 175]
  [160 113 169]
  ...
  [112  67 100]
  [118  73 105]
  [123  77 110]]

 ...

 [[227 181 202]
  [226 180 201]
  [227 180 204]
  ...
  [127  88  88]
  [130  92  90]
  [133  94  92]]

 [[233 186 208]
  [233 186 208]
  [229 182 206]
  ...
  [130  89  89]
  [135  96  96]
  [136  97  97]]

 [[220 174 195]
  [225 178 200]
  [225 178 202]
  ...
  [133  92  92]
  [137  98  98]
  [142 103 103]]]",0.016667073
1640978057187255949,"[[[160 113 169]
  [159 112 168]
  [157 111 167]
  ...
  [120  74 109]
  [120  75 108]
  [116  70 103]]

 [[161 115 170]
  [156 110 166]
  [159 112 168]
  ...
  [122  75 111]
  [124  78 111]
  [118  73 105]]

 [[169 124 177]
  [167 121 175]
  [160 113 169]
  ...
  [112  67 100]
  [118  73 105]
  [123  77 110]]

 ...

 [[227 181 202]
  [226 180 201]
  [227 180 204]
  ...
  [127  88  88]
  [130  92  90]
  [133  94  92]]

 [[233 186 208]
  [233 186 208]
  [229 182 206]
  ...
  [130  89  89]
  [135  96  96]
  [136  97  97]]

 [[220 174 195]
  [225 178 200]
  [225 178 202]
  ...
  [133  92  92]
  [137  98  98]
  [142 103 103]]]",0.016667405
1640978057203921892,"[[[160 113 169]
  [159 112 168]
  [157 111 167]
  ...
  [120  74 109]
  [120  75 108]
  [116  70 103]]

 [[161 115 170]
  [156 110 166]
  [159 112 168]
  ...
  [122  75 111]
  [124  78 111]
  [118  73 105]]

 [[169 124 177]
  [167 121 175]
  [160 113 169]
  ...
  [112  67 100]
  [118  73 105]
  [123  77 110]]

 ...

 [[227 181 202]
  [226 180 201]
  [227 180 204]
  ...
  [127  88  88]
  [130  92  90]
  [133  94  92]]

 [[233 186 208]
  [233 186 208]
  [229 182 206]
  ...
  [130  89  89]
  [135  96  96]
  [136  97  97]]

 [[220 174 195]
  [225 178 200]
  [225 178 202]
  ...
  [133  92  92]
  [137  98  98]
  [142 103 103]]]",0.016666682
1640978057220589279,"[[[160 113 169]
  [159 112 168]
  [157 111 167]
  ...
  [120  74 109]
  [120  75 108]
  [116  70 103]]

 [[161 115 170]
  [156 110 166]
  [159 112 168]
  ...
  [122  75 111]
  [124  78 111]
  [118  73 105]]

 [[169 124 177]
  [167 121 175]
  [160 113 169]
  ...
  [112  67 100]
  [118  73 105]
  [123  77 110]]

 ...

 [[227 181 202]
  [226 180 201]
  [227 180 204]
  ...
  [127  88  88]
  [130  92  90]
  [133  94  92]]

 [[233 186 208]
  [233 186 208]
  [229 182 206]
  ...
  [130  89  89]
  [135  96  96]
  [136  97  97]]

 [[220 174 195]
  [225 178 200]
  [225 178 202]
  ...
  [133  92  92]
  [137  98  98]
  [142 103 103]]]",0.016667403
1640978057237255851,"[[[160 113 169]
  [159 112 168]
  [157 111 167]
  ...
  [120  74 109]
  [120  75 108]
  [116  70 103]]

 [[161 115 170]
  [156 110 166]
  [159 112 168]
  ...
  [122  75 111]
  [124  78 111]
  [118  73 105]]

 [[169 124 177]
  [167 121 175]
  [160 113 169]
  ...
  [112  67 100]
  [118  73 105]
  [123  77 110]]

 ...

 [[227 181 202]
  [226 180 201]
  [227 180 204]
  ...
  [127  88  88]
  [130  92  90]
  [133  94  92]]

 [[233 186 208]
  [233 186 208]
  [229 182 206]
  ...
  [130  89  89]
  [135  96  96]
  [136  97  97]]

 [[220 174 195]
  [225 178 200]
  [225 178 202]
  ...
  [133  92  92]
  [137  98  98]
  [142 103 103]]]",0.016667309
1640978057253922108,"[[[161 116 160]
  [161 116 160]
  [170 125 169]
  ...
  [107  70  99]
  [111  76 105]
  [111  76 105]]

 [[161 116 160]
  [163 118 162]
  [166 122 166]
  ...
  [112  75 104]
  [112  77 106]
  [108  73 102]]

 [[161 114 159]
  [161 114 159]
  [159 115 159]
  ...
  [110  75 104]
  [112  77 106]
  [105  70  99]]

 ...

 [[232 178 210]
  [232 178 210]
  [224 170 202]
  ...
  [124  91  94]
  [127  92  96]
  [127  92  96]]

 [[220 165 200]
  [220 165 200]
  [225 170 204]
  ...
  [130  94  98]
  [134  99 103]
  [134  99 103]]

 [[222 167 201]
  [222 167 201]
  [231 176 210]
  ...
  [132  96 100]
  [136 100 104]
  [136 100 104]]]",0.0166669
1640978057270589273,"[[[161 116 160]
  [161 116 160]
  [170 125 169]
  ...
  [107  70  99]
  [111  76 105]
  [111  76 105]]

 [[161 116 160]
  [163 118 162]
  [166 122 166]
  ...
  [112  75 104]
  [112  77 106]
  [108  73 102]]

 [[161 114 159]
  [161 114 159]
  [159 115 159]
  ...
  [110  75 104]
  [112  77 106]
  [105  70  99]]

 ...

 [[232 178 210]
  [232 178 210]
  [224 170 202]
  ...
  [124  91  94]
  [127  92  96]
  [127  92  96]]

 [[220 165 200]
  [220 165 200]
  [225 170 204]
  ...
  [130  94  98]
  [134  99 103]
  [134  99 103]]

 [[222 167 201]
  [222 167 201]
  [231 176 210]
  ...
  [132  96 100]
  [136 100 104]
  [136 100 104]]]",0.016667399
1640978057287255808,"[[[161 116 160]
  [161 116 160]
  [170 125 169]
  ...
  [107  70  99]
  [111  76 105]
  [111  76 105]]

 [[161 116 160]
  [163 118 162]
  [166 122 166]
  ...
  [112  75 104]
  [112  77 106]
  [108  73 102]]

 [[161 114 159]
  [161 114 159]
  [159 115 159]
  ...
  [110  75 104]
  [112  77 106]
  [105  70  99]]

 ...

 [[232 178 210]
  [232 178 210]
  [224 170 202]
  ...
  [124  91  94]
  [127  92  96]
  [127  92  96]]

 [[220 165 200]
  [220 165 200]
  [225 170 204]
  ...
  [130  94  98]
  [134  99 103]
  [134  99 103]]

 [[222 167 201]
  [222 167 201]
  [231 176 210]
  ...
  [132  96 100]
  [136 100 104]
  [136 100 104]]]",0.016667268
1640978057303922714,"[[[161 116 160]
  [161 116 160]
  [170 125 169]
  ...
  [107  70  99]
  [111  76 105]
  [111  76 105]]

 [[161 116 160]
  [163 118 162]
  [166 122 166]
  ...
  [112  75 104]
  [112  77 106]
  [108  73 102]]

 [[161 114 159]
  [161 114 159]
  [159 115 159]
  ...
  [110  75 104]
  [112  77 106]
  [105  70  99]]

 ...

 [[232 178 210]
  [232 178 210]
  [224 170 202]
  ...
  [124  91  94]
  [127  92  96]
  [127  92  96]]

 [[220 165 200]
  [220 165 200]
  [225 170 204]
  ...
  [130  94  98]
  [134  99 103]
  [134  99 103]]

 [[222 167 201]
  [222 167 201]
  [231 176 210]
  ...
  [132  96 100]
  [136 100 104]
  [136 100 104]]]",0.016667508
1640978057320588860,"[[[161 116 160]
  [161 116 160]
  [170 125 169]
  ...
  [107  70  99]
  [111  76 105]
  [111  76 105]]

 [[161 116 160]
  [163 118 162]
  [166 122 166]
  ...
  [112  75 104]
  [112  77 106]
  [108  73 102]]

 [[161 114 159]
  [161 114 159]
  [159 115 159]
  ...
  [110  75 104]
  [112  77 106]
  [105  70  99]]

 ...

 [[232 178 210]
  [232 178 210]
  [224 170 202]
  ...
  [124  91  94]
  [127  92  96]
  [127  92  96]]

 [[220 165 200]
  [220 165 200]
  [225 170 204]
  ...
  [130  94  98]
  [134  99 103]
  [134  99 103]]

 [[222 167 201]
  [222 167 201]
  [231 176 210]
  ...
  [132  96 100]
  [136 100 104]
  [136 100 104]]]",0.016666988
1640978057337255636,"[[[162 116 151]
  [162 116 151]
  [167 120 158]
  ...
  [114  73  98]
  [115  74 100]
  [116  75 101]]

 [[160 114 149]
  [161 115 150]
  [163 116 154]
  ...
  [115  74 100]
  [115  74 100]
  [115  74 100]]

 [[161 114 152]
  [161 114 152]
  [161 113 153]
  ...
  [113  72  97]
  [113  73  96]
  [113  73  96]]

 ...

 [[216 167 191]
  [216 167 191]
  [221 170 197]
  ...
  [128  85  88]
  [127  87  89]
  [129  89  92]]

 [[222 171 200]
  [221 170 199]
  [222 172 199]
  ...
  [131  92  94]
  [143 101 103]
  [140  98 101]]

 [[222 171 200]
  [222 171 200]
  [227 176 203]
  ...
  [138  99 101]
  [142  99 102]
  [138  96  99]]]",0.016667098
1640978057353958004,"[[[162 116 151]
  [162 116 151]
  [167 120 158]
  ...
  [114  73  98]
  [115  74 100]
  [116  75 101]]

 [[160 114 149]
  [161 115 150]
  [163 116 154]
  ...
  [115  74 100]
  [115  74 100]
  [115  74 100]]

 [[161 114 152]
  [161 114 152]
  [161 113 153]
  ...
  [113  72  97]
  [113  73  96]
  [113  73  96]]

 ...

 [[216 167 191]
  [216 167 191]
  [221 170 197]
  ...
  [128  85  88]
  [127  87  89]
  [129  89  92]]

 [[222 171 200]
  [221 170 199]
  [222 172 199]
  ...
  [131  92  94]
  [143 101 103]
  [140  98 101]]

 [[222 171 200]
  [222 171 200]
  [227 176 203]
  ...
  [138  99 101]
  [142  99 102]
  [138  96  99]]]",0.0167028
1640978057370588540,"[[[162 116 151]
  [162 116 151]
  [167 120 158]
  ...
  [114  73  98]
  [115  74 100]
  [116  75 101]]

 [[160 114 149]
  [161 115 150]
  [163 116 154]
  ...
  [115  74 100]
  [115  74 100]
  [115  74 100]]

 [[161 114 152]
  [161 114 152]
  [161 113 153]
  ...
  [113  72  97]
  [113  73  96]
  [113  73  96]]

 ...

 [[216 167 191]
  [216 167 191]
  [221 170 197]
  ...
  [128  85  88]
  [127  87  89]
  [129  89  92]]

 [[222 171 200]
  [221 170 199]
  [222 172 199]
  ...
  [131  92  94]
  [143 101 103]
  [140  98 101]]

 [[222 171 200]
  [222 171 200]
  [227 176 203]
  ...
  [138  99 101]
  [142  99 102]
  [138  96  99]]]",0.01666667
1640978057387255445,"[[[162 116 151]
  [162 116 151]
  [167 120 158]
  ...
  [114  73  98]
  [115  74 100]
  [116  75 101]]

 [[160 114 149]
  [161 115 150]
  [163 116 154]
  ...
  [115  74 100]
  [115  74 100]
  [115  74 100]]

 [[161 114 152]
  [161 114 152]
  [161 113 153]
  ...
  [113  72  97]
  [113  73  96]
  [113  73  96]]

 ...

 [[216 167 191]
  [216 167 191]
  [221 170 197]
  ...
  [128  85  88]
  [127  87  89]
  [129  89  92]]

 [[222 171 200]
  [221 170 199]
  [222 172 199]
  ...
  [131  92  94]
  [143 101 103]
  [140  98 101]]

 [[222 171 200]
  [222 171 200]
  [227 176 203]
  ...
  [138  99 101]
  [142  99 102]
  [138  96  99]]]",0.016666909
1640978057403922184,"[[[162 116 151]
  [162 116 151]
  [167 120 158]
  ...
  [114  73  98]
  [115  74 100]
  [116  75 101]]

 [[160 114 149]
  [161 115 150]
  [163 116 154]
  ...
  [115  74 100]
  [115  74 100]
  [115  74 100]]

 [[161 114 152]
  [161 114 152]
  [161 113 153]
  ...
  [113  72  97]
  [113  73  96]
  [113  73  96]]

 ...

 [[216 167 191]
  [216 167 191]
  [221 170 197]
  ...
  [128  85  88]
  [127  87  89]
  [129  89  92]]

 [[222 171 200]
  [221 170 199]
  [222 172 199]
  ...
  [131  92  94]
  [143 101 103]
  [140  98 101]]

 [[222 171 200]
  [222 171 200]
  [227 176 203]
  ...
  [138  99 101]
  [142  99 102]
  [138  96  99]]]",0.016666982
1640978057420589238,"[[[162 116 151]
  [162 116 151]
  [167 120 158]
  ...
  [114  73  98]
  [115  74 100]
  [116  75 101]]

 [[160 114 149]
  [161 115 150]
  [163 116 154]
  ...
  [115  74 100]
  [115  74 100]
  [115  74 100]]

 [[161 114 152]
  [161 114 152]
  [161 113 153]
  ...
  [113  72  97]
  [113  73  96]
  [113  73  96]]

 ...

 [[216 167 191]
  [216 167 191]
  [221 170 197]
  ...
  [128  85  88]
  [127  87  89]
  [129  89  92]]

 [[222 171 200]
  [221 170 199]
  [222 172 199]
  ...
  [131  92  94]
  [143 101 103]
  [140  98 101]]

 [[222 171 200]
  [222 171 200]
  [227 176 203]
  ...
  [138  99 101]
  [142  99 102]
  [138  96  99]]]",0.01666737
1640978057437255329,"[[[166 115 172]
  [159 108 165]
  [158 108 162]
  ...
  [104  64  93]
  [106  66  96]
  [108  68  98]]

 [[161 110 167]
  [156 104 161]
  [158 108 162]
  ...
  [105  65  95]
  [106  66  96]
  [111  71 100]]

 [[158 107 163]
  [164 113 169]
  [164 113 169]
  ...
  [102  62  94]
  [109  70  99]
  [120  80 110]]

 ...

 [[223 175 206]
  [219 172 203]
  [219 172 203]
  ...
  [127  85  94]
  [136  94 103]
  [136  94 103]]

 [[225 178 209]
  [225 178 209]
  [225 178 209]
  ...
  [130  87  99]
  [136  94 103]
  [137  95 105]]

 [[223 175 206]
  [226 179 210]
  [226 179 210]
  ...
  [141  98 110]
  [138  96 106]
  [137  95 105]]]",0.016666795
1640978057453922512,"[[[166 115 172]
  [159 108 165]
  [158 108 162]
  ...
  [104  64  93]
  [106  66  96]
  [108  68  98]]

 [[161 110 167]
  [156 104 161]
  [158 108 162]
  ...
  [105  65  95]
  [106  66  96]
  [111  71 100]]

 [[158 107 163]
  [164 113 169]
  [164 113 169]
  ...
  [102  62  94]
  [109  70  99]
  [120  80 110]]

 ...

 [[223 175 206]
  [219 172 203]
  [219 172 203]
  ...
  [127  85  94]
  [136  94 103]
  [136  94 103]]

 [[225 178 209]
  [225 178 209]
  [225 178 209]
  ...
  [130  87  99]
  [136  94 103]
  [137  95 105]]

 [[223 175 206]
  [226 179 210]
  [226 179 210]
  ...
  [141  98 110]
  [138  96 106]
  [137  95 105]]]",0.016667312
1640978057470589436,"[[[166 115 172]
  [159 108 165]
  [158 108 162]
  ...
  [104  64  93]
  [106  66  96]
  [108  68  98]]

 [[161 110 167]
  [156 104 161]
  [158 108 162]
  ...
  [105  65  95]
  [106  66  96]
  [111  71 100]]

 [[158 107 163]
  [164 113 169]
  [164 113 169]
  ...
  [102  62  94]
  [109  70  99]
  [120  80 110]]

 ...

 [[223 175 206]
  [219 172 203]
  [219 172 203]
  ...
  [127  85  94]
  [136  94 103]
  [136  94 103]]

 [[225 178 209]
  [225 178 209]
  [225 178 209]
  ...
  [130  87  99]
  [136  94 103]
  [137  95 105]]

 [[223 175 206]
  [226 179 210]
  [226 179 210]
  ...
  [141  98 110]
  [138  96 106]
  [137  95 105]]]",0.01666757
1640978057487589246,"[[[166 115 172]
  [159 108 165]
  [158 108 162]
  ...
  [104  64  93]
  [106  66  96]
  [108  68  98]]

 [[161 110 167]
  [156 104 161]
  [158 108 162]
  ...
  [105  65  95]
  [106  66  96]
  [111  71 100]]

 [[158 107 163]
  [164 113 169]
  [164 113 169]
  ...
  [102  62  94]
  [109  70  99]
  [120  80 110]]

 ...

 [[223 175 206]
  [219 172 203]
  [219 172 203]
  ...
  [127  85  94]
  [136  94 103]
  [136  94 103]]

 [[225 178 209]
  [225 178 209]
  [225 178 209]
  ...
  [130  87  99]
  [136  94 103]
  [137  95 105]]

 [[223 175 206]
  [226 179 210]
  [226 179 210]
  ...
  [141  98 110]
  [138  96 106]
  [137  95 105]]]",0.017000714
1640978057504110468,"[[[166 115 172]
  [159 108 165]
  [158 108 162]
  ...
  [104  64  93]
  [106  66  96]
  [108  68  98]]

 [[161 110 167]
  [156 104 161]
  [158 108 162]
  ...
  [105  65  95]
  [106  66  96]
  [111  71 100]]

 [[158 107 163]
  [164 113 169]
  [164 113 169]
  ...
  [102  62  94]
  [109  70  99]
  [120  80 110]]

 ...

 [[223 175 206]
  [219 172 203]
  [219 172 203]
  ...
  [127  85  94]
  [136  94 103]
  [136  94 103]]

 [[225 178 209]
  [225 178 209]
  [225 178 209]
  ...
  [130  87  99]
  [136  94 103]
  [137  95 105]]

 [[223 175 206]
  [226 179 210]
  [226 179 210]
  ...
  [141  98 110]
  [138  96 106]
  [137  95 105]]]",0.01685527
1640978057520589190,"[[[166 118 158]
  [166 118 158]
  [166 117 160]
  ...
  [107  66  91]
  [111  71  96]
  [111  71  96]]

 [[166 118 158]
  [166 118 158]
  [167 118 161]
  ...
  [111  71  96]
  [110  70  95]
  [111  71  96]]

 [[167 119 159]
  [167 119 159]
  [166 118 158]
  ...
  [110  70  95]
  [116  75 101]
  [120  79 104]]

 ...

 [[207 161 190]
  [217 170 199]
  [225 176 205]
  ...
  [129  90  97]
  [130  89  96]
  [129  88  95]]

 [[232 186 214]
  [232 186 214]
  [227 178 207]
  ...
  [131  91 100]
  [132  92 101]
  [136  97 106]]

 [[231 184 213]
  [226 180 208]
  [221 172 201]
  ...
  [136  97 106]
  [138  98 107]
  [140 100 109]]]",0.016667326
1640978057537298835,"[[[166 118 158]
  [166 118 158]
  [166 117 160]
  ...
  [107  66  91]
  [111  71  96]
  [111  71  96]]

 [[166 118 158]
  [166 118 158]
  [167 118 161]
  ...
  [111  71  96]
  [110  70  95]
  [111  71  96]]

 [[167 119 159]
  [167 119 159]
  [166 118 158]
  ...
  [110  70  95]
  [116  75 101]
  [120  79 104]]

 ...

 [[207 161 190]
  [217 170 199]
  [225 176 205]
  ...
  [129  90  97]
  [130  89  96]
  [129  88  95]]

 [[232 186 214]
  [232 186 214]
  [227 178 207]
  ...
  [131  91 100]
  [132  92 101]
  [136  97 106]]

 [[231 184 213]
  [226 180 208]
  [221 172 201]
  ...
  [136  97 106]
  [138  98 107]
  [140 100 109]]]",0.016710305
1640978057553922408,"[[[166 118 158]
  [166 118 158]
  [166 117 160]
  ...
  [107  66  91]
  [111  71  96]
  [111  71  96]]

 [[166 118 158]
  [166 118 158]
  [167 118 161]
  ...
  [111  71  96]
  [110  70  95]
  [111  71  96]]

 [[167 119 159]
  [167 119 159]
  [166 118 158]
  ...
  [110  70  95]
  [116  75 101]
  [120  79 104]]

 ...

 [[207 161 190]
  [217 170 199]
  [225 176 205]
  ...
  [129  90  97]
  [130  89  96]
  [129  88  95]]

 [[232 186 214]
  [232 186 214]
  [227 178 207]
  ...
  [131  91 100]
  [132  92 101]
  [136  97 106]]

 [[231 184 213]
  [226 180 208]
  [221 172 201]
  ...
  [136  97 106]
  [138  98 107]
  [140 100 109]]]",0.016667212
1640978057570588906,"[[[166 118 158]
  [166 118 158]
  [166 117 160]
  ...
  [107  66  91]
  [111  71  96]
  [111  71  96]]

 [[166 118 158]
  [166 118 158]
  [167 118 161]
  ...
  [111  71  96]
  [110  70  95]
  [111  71  96]]

 [[167 119 159]
  [167 119 159]
  [166 118 158]
  ...
  [110  70  95]
  [116  75 101]
  [120  79 104]]

 ...

 [[207 161 190]
  [217 170 199]
  [225 176 205]
  ...
  [129  90  97]
  [130  89  96]
  [129  88  95]]

 [[232 186 214]
  [232 186 214]
  [227 178 207]
  ...
  [131  91 100]
  [132  92 101]
  [136  97 106]]

 [[231 184 213]
  [226 180 208]
  [221 172 201]
  ...
  [136  97 106]
  [138  98 107]
  [140 100 109]]]",0.016667044
1640978057589457051,"[[[154 109 160]
  [155 110 161]
  [155 110 161]
  ...
  [105  62 101]
  [111  67 108]
  [114  70 112]]

 [[154 109 160]
  [154 109 160]
  [161 116 167]
  ...
  [112  69 108]
  [111  67 108]
  [114  70 112]]

 [[168 123 174]
  [166 121 172]
  [163 116 167]
  ...
  [114  71 110]
  [112  69 108]
  [112  69 108]]

 ...

 [[229 174 206]
  [226 172 204]
  [224 170 202]
  ...
  [120  81  88]
  [125  87  91]
  [126  88  92]]

 [[226 172 204]
  [226 172 204]
  [227 173 205]
  ...
  [133  97 103]
  [132  93 100]
  [131  92  98]]

 [[225 171 203]
  [225 171 203]
  [227 173 205]
  ...
  [140 104 110]
  [141 102 109]
  [139 100 107]]]",0.018868523
1640978057603921977,"[[[154 109 160]
  [155 110 161]
  [155 110 161]
  ...
  [105  62 101]
  [111  67 108]
  [114  70 112]]

 [[154 109 160]
  [154 109 160]
  [161 116 167]
  ...
  [112  69 108]
  [111  67 108]
  [114  70 112]]

 [[168 123 174]
  [166 121 172]
  [163 116 167]
  ...
  [114  71 110]
  [112  69 108]
  [112  69 108]]

 ...

 [[229 174 206]
  [226 172 204]
  [224 170 202]
  ...
  [120  81  88]
  [125  87  91]
  [126  88  92]]

 [[226 172 204]
  [226 172 204]
  [227 173 205]
  ...
  [133  97 103]
  [132  93 100]
  [131  92  98]]

 [[225 171 203]
  [225 171 203]
  [227 173 205]
  ...
  [140 104 110]
  [141 102 109]
  [139 100 107]]]",0.016666783
1640978057620591012,"[[[154 109 160]
  [155 110 161]
  [155 110 161]
  ...
  [105  62 101]
  [111  67 108]
  [114  70 112]]

 [[154 109 160]
  [154 109 160]
  [161 116 167]
  ...
  [112  69 108]
  [111  67 108]
  [114  70 112]]

 [[168 123 174]
  [166 121 172]
  [163 116 167]
  ...
  [114  71 110]
  [112  69 108]
  [112  69 108]]

 ...

 [[229 174 206]
  [226 172 204]
  [224 170 202]
  ...
  [120  81  88]
  [125  87  91]
  [126  88  92]]

 [[226 172 204]
  [226 172 204]
  [227 173 205]
  ...
  [133  97 103]
  [132  93 100]
  [131  92  98]]

 [[225 171 203]
  [225 171 203]
  [227 173 205]
  ...
  [140 104 110]
  [141 102 109]
  [139 100 107]]]",0.016669152
1640978057640733849,"[[[154 109 160]
  [155 110 161]
  [155 110 161]
  ...
  [105  62 101]
  [111  67 108]
  [114  70 112]]

 [[154 109 160]
  [154 109 160]
  [161 116 167]
  ...
  [112  69 108]
  [111  67 108]
  [114  70 112]]

 [[168 123 174]
  [166 121 172]
  [163 116 167]
  ...
  [114  71 110]
  [112  69 108]
  [112  69 108]]

 ...

 [[229 174 206]
  [226 172 204]
  [224 170 202]
  ...
  [120  81  88]
  [125  87  91]
  [126  88  92]]

 [[226 172 204]
  [226 172 204]
  [227 173 205]
  ...
  [133  97 103]
  [132  93 100]
  [131  92  98]]

 [[225 171 203]
  [225 171 203]
  [227 173 205]
  ...
  [140 104 110]
  [141 102 109]
  [139 100 107]]]",0.020145323
1640978057654312430,"[[[161 120 168]
  [161 120 168]
  [157 114 162]
  ...
  [111  64 102]
  [113  66 106]
  [118  70 110]]

 [[166 124 173]
  [167 126 174]
  [164 120 169]
  ...
  [116  69 106]
  [115  67 107]
  [116  68 108]]

 [[171 127 176]
  [168 124 173]
  [166 122 170]
  ...
  [117  70 107]
  [117  69 109]
  [113  66 106]]

 ...

 [[232 175 208]
  [231 174 206]
  [228 172 204]
  ...
  [118  83  93]
  [122  86  97]
  [128  92 103]]

 [[229 172 207]
  [227 170 204]
  [229 172 207]
  ...
  [133  95 106]
  [134  98 109]
  [132  97 107]]

 [[231 173 208]
  [231 173 208]
  [229 172 207]
  ...
  [140 102 113]
  [142 106 117]
  [135  99 110]]]",0.017057238
1640978057670589025,"[[[161 120 168]
  [161 120 168]
  [157 114 162]
  ...
  [111  64 102]
  [113  66 106]
  [118  70 110]]

 [[166 124 173]
  [167 126 174]
  [164 120 169]
  ...
  [116  69 106]
  [115  67 107]
  [116  68 108]]

 [[171 127 176]
  [168 124 173]
  [166 122 170]
  ...
  [117  70 107]
  [117  69 109]
  [113  66 106]]

 ...

 [[232 175 208]
  [231 174 206]
  [228 172 204]
  ...
  [118  83  93]
  [122  86  97]
  [128  92 103]]

 [[229 172 207]
  [227 170 204]
  [229 172 207]
  ...
  [133  95 106]
  [134  98 109]
  [132  97 107]]

 [[231 173 208]
  [231 173 208]
  [229 172 207]
  ...
  [140 102 113]
  [142 106 117]
  [135  99 110]]]",0.016667167
1640978057687256152,"[[[161 120 168]
  [161 120 168]
  [157 114 162]
  ...
  [111  64 102]
  [113  66 106]
  [118  70 110]]

 [[166 124 173]
  [167 126 174]
  [164 120 169]
  ...
  [116  69 106]
  [115  67 107]
  [116  68 108]]

 [[171 127 176]
  [168 124 173]
  [166 122 170]
  ...
  [117  70 107]
  [117  69 109]
  [113  66 106]]

 ...

 [[232 175 208]
  [231 174 206]
  [228 172 204]
  ...
  [118  83  93]
  [122  86  97]
  [128  92 103]]

 [[229 172 207]
  [227 170 204]
  [229 172 207]
  ...
  [133  95 106]
  [134  98 109]
  [132  97 107]]

 [[231 173 208]
  [231 173 208]
  [229 172 207]
  ...
  [140 102 113]
  [142 106 117]
  [135  99 110]]]",0.016667628
1640978057703922428,"[[[159 115 163]
  [163 119 168]
  [162 118 167]
  ...
  [109  77  96]
  [109  77  96]
  [109  77  96]]

 [[167 123 171]
  [167 123 171]
  [164 120 169]
  ...
  [109  77  96]
  [109  77  96]
  [108  76  95]]

 [[170 127 173]
  [164 121 167]
  [156 113 159]
  ...
  [111  76  98]
  [108  75  97]
  [105  73  94]]

 ...

 [[233 180 209]
  [227 174 204]
  [227 171 201]
  ...
  [126  88  99]
  [129  90 102]
  [131  93 104]]

 [[217 161 191]
  [219 163 193]
  [227 171 201]
  ...
  [132  90 104]
  [127  88 102]
  [133  94 108]]

 [[226 170 200]
  [227 171 201]
  [229 174 204]
  ...
  [136  95 109]
  [136  97 110]
  [141 102 116]]]",0.016667238
1640978057720589445,"[[[159 115 163]
  [163 119 168]
  [162 118 167]
  ...
  [109  77  96]
  [109  77  96]
  [109  77  96]]

 [[167 123 171]
  [167 123 171]
  [164 120 169]
  ...
  [109  77  96]
  [109  77  96]
  [108  76  95]]

 [[170 127 173]
  [164 121 167]
  [156 113 159]
  ...
  [111  76  98]
  [108  75  97]
  [105  73  94]]

 ...

 [[233 180 209]
  [227 174 204]
  [227 171 201]
  ...
  [126  88  99]
  [129  90 102]
  [131  93 104]]

 [[217 161 191]
  [219 163 193]
  [227 171 201]
  ...
  [132  90 104]
  [127  88 102]
  [133  94 108]]

 [[226 170 200]
  [227 171 201]
  [229 174 204]
  ...
  [136  95 109]
  [136  97 110]
  [141 102 116]]]",0.016667589
1640978057740581154,"[[[159 115 163]
  [163 119 168]
  [162 118 167]
  ...
  [109  77  96]
  [109  77  96]
  [109  77  96]]

 [[167 123 171]
  [167 123 171]
  [164 120 169]
  ...
  [109  77  96]
  [109  77  96]
  [108  76  95]]

 [[170 127 173]
  [164 121 167]
  [156 113 159]
  ...
  [111  76  98]
  [108  75  97]
  [105  73  94]]

 ...

 [[233 180 209]
  [227 174 204]
  [227 171 201]
  ...
  [126  88  99]
  [129  90 102]
  [131  93 104]]

 [[217 161 191]
  [219 163 193]
  [227 171 201]
  ...
  [132  90 104]
  [127  88 102]
  [133  94 108]]

 [[226 170 200]
  [227 171 201]
  [229 174 204]
  ...
  [136  95 109]
  [136  97 110]
  [141 102 116]]]",0.019992632
1640978057753922608,"[[[162 120 164]
  [157 115 159]
  [156 113 159]
  ...
  [113  76 105]
  [111  73 103]
  [107  70  99]]

 [[155 113 157]
  [155 113 157]
  [160 117 163]
  ...
  [113  76 105]
  [111  73 103]
  [107  70  99]]

 [[157 115 159]
  [157 115 159]
  [155 113 157]
  ...
  [111  73 103]
  [109  71 100]
  [109  71 100]]

 ...

 [[237 175 210]
  [229 166 202]
  [222 162 197]
  ...
  [120  87  88]
  [123  91  92]
  [129  96  98]]

 [[231 170 203]
  [231 170 203]
  [231 170 203]
  ...
  [133  98 100]
  [136 101 102]
  [134  99 101]]

 [[231 170 203]
  [232 171 204]
  [233 172 205]
  ...
  [136 101 102]
  [137 102 103]
  [136 101 102]]]",0.01666742
1640978057770588662,"[[[162 120 164]
  [157 115 159]
  [156 113 159]
  ...
  [113  76 105]
  [111  73 103]
  [107  70  99]]

 [[155 113 157]
  [155 113 157]
  [160 117 163]
  ...
  [113  76 105]
  [111  73 103]
  [107  70  99]]

 [[157 115 159]
  [157 115 159]
  [155 113 157]
  ...
  [111  73 103]
  [109  71 100]
  [109  71 100]]

 ...

 [[237 175 210]
  [229 166 202]
  [222 162 197]
  ...
  [120  87  88]
  [123  91  92]
  [129  96  98]]

 [[231 170 203]
  [231 170 203]
  [231 170 203]
  ...
  [133  98 100]
  [136 101 102]
  [134  99 101]]

 [[231 170 203]
  [232 171 204]
  [233 172 205]
  ...
  [136 101 102]
  [137 102 103]
  [136 101 102]]]",0.016666808
1640978057788807812,"[[[162 120 164]
  [157 115 159]
  [156 113 159]
  ...
  [113  76 105]
  [111  73 103]
  [107  70  99]]

 [[155 113 157]
  [155 113 157]
  [160 117 163]
  ...
  [113  76 105]
  [111  73 103]
  [107  70  99]]

 [[157 115 159]
  [157 115 159]
  [155 113 157]
  ...
  [111  73 103]
  [109  71 100]
  [109  71 100]]

 ...

 [[237 175 210]
  [229 166 202]
  [222 162 197]
  ...
  [120  87  88]
  [123  91  92]
  [129  96  98]]

 [[231 170 203]
  [231 170 203]
  [231 170 203]
  ...
  [133  98 100]
  [136 101 102]
  [134  99 101]]

 [[231 170 203]
  [232 171 204]
  [233 172 205]
  ...
  [136 101 102]
  [137 102 103]
  [136 101 102]]]",0.018219292
1640978057803921936,"[[[162 120 164]
  [157 115 159]
  [156 113 159]
  ...
  [113  76 105]
  [111  73 103]
  [107  70  99]]

 [[155 113 157]
  [155 113 157]
  [160 117 163]
  ...
  [113  76 105]
  [111  73 103]
  [107  70  99]]

 [[157 115 159]
  [157 115 159]
  [155 113 157]
  ...
  [111  73 103]
  [109  71 100]
  [109  71 100]]

 ...

 [[237 175 210]
  [229 166 202]
  [222 162 197]
  ...
  [120  87  88]
  [123  91  92]
  [129  96  98]]

 [[231 170 203]
  [231 170 203]
  [231 170 203]
  ...
  [133  98 100]
  [136 101 102]
  [134  99 101]]

 [[231 170 203]
  [232 171 204]
  [233 172 205]
  ...
  [136 101 102]
  [137 102 103]
  [136 101 102]]]",0.01666675
1640978057820588693,"[[[165 118 169]
  [163 116 167]
  [158 111 162]
  ...
  [105  69  94]
  [109  73  97]
  [105  69  94]]

 [[164 117 168]
  [163 116 167]
  [162 115 166]
  ...
  [109  73  97]
  [112  76 101]
  [110  74  98]]

 [[170 122 176]
  [168 120 173]
  [165 118 169]
  ...
  [112  76 101]
  [110  74  98]
  [110  74  98]]

 ...

 [[212 167 184]
  [214 169 186]
  [223 178 197]
  ...
  [142 100 109]
  [134  92 101]
  [130  88  98]]

 [[229 185 201]
  [230 186 203]
  [232 186 205]
  ...
  [138  97 104]
  [147 104 114]
  [141  99 108]]

 [[228 183 200]
  [228 183 200]
  [226 180 200]
  ...
  [138  97 104]
  [143 101 110]
  [137  95 105]]]",0.016666841
1640978057837255358,"[[[165 118 169]
  [163 116 167]
  [158 111 162]
  ...
  [105  69  94]
  [109  73  97]
  [105  69  94]]

 [[164 117 168]
  [163 116 167]
  [162 115 166]
  ...
  [109  73  97]
  [112  76 101]
  [110  74  98]]

 [[170 122 176]
  [168 120 173]
  [165 118 169]
  ...
  [112  76 101]
  [110  74  98]
  [110  74  98]]

 ...

 [[212 167 184]
  [214 169 186]
  [223 178 197]
  ...
  [142 100 109]
  [134  92 101]
  [130  88  98]]

 [[229 185 201]
  [230 186 203]
  [232 186 205]
  ...
  [138  97 104]
  [147 104 114]
  [141  99 108]]

 [[228 183 200]
  [228 183 200]
  [226 180 200]
  ...
  [138  97 104]
  [143 101 110]
  [137  95 105]]]",0.01666684
1640978057854796589,"[[[165 118 169]
  [163 116 167]
  [158 111 162]
  ...
  [105  69  94]
  [109  73  97]
  [105  69  94]]

 [[164 117 168]
  [163 116 167]
  [162 115 166]
  ...
  [109  73  97]
  [112  76 101]
  [110  74  98]]

 [[170 122 176]
  [168 120 173]
  [165 118 169]
  ...
  [112  76 101]
  [110  74  98]
  [110  74  98]]

 ...

 [[212 167 184]
  [214 169 186]
  [223 178 197]
  ...
  [142 100 109]
  [134  92 101]
  [130  88  98]]

 [[229 185 201]
  [230 186 203]
  [232 186 205]
  ...
  [138  97 104]
  [147 104 114]
  [141  99 108]]

 [[228 183 200]
  [228 183 200]
  [226 180 200]
  ...
  [138  97 104]
  [143 101 110]
  [137  95 105]]]",0.017541405
1640978057870589280,"[[[151 108 161]
  [160 117 170]
  [161 117 173]
  ...
  [119  71 104]
  [122  76 109]
  [123  77 110]]

 [[157 113 166]
  [159 116 169]
  [161 117 173]
  ...
  [118  70 103]
  [122  76 109]
  [123  77 110]]

 [[158 115 168]
  [159 116 169]
  [162 118 174]
  ...
  [108  61  94]
  [116  70 103]
  [122  76 109]]

 ...

 [[223 170 204]
  [227 174 208]
  [229 176 210]
  ...
  [126  87  94]
  [128  87  94]
  [128  87  94]]

 [[227 174 208]
  [229 176 210]
  [232 180 214]
  ...
  [132  93 100]
  [133  94 101]
  [128  89  96]]

 [[225 173 207]
  [223 170 204]
  [222 169 203]
  ...
  [138  99 105]
  [139 100 107]
  [139 100 107]]]",0.01666743
1640978057887255297,"[[[151 108 161]
  [160 117 170]
  [161 117 173]
  ...
  [119  71 104]
  [122  76 109]
  [123  77 110]]

 [[157 113 166]
  [159 116 169]
  [161 117 173]
  ...
  [118  70 103]
  [122  76 109]
  [123  77 110]]

 [[158 115 168]
  [159 116 169]
  [162 118 174]
  ...
  [108  61  94]
  [116  70 103]
  [122  76 109]]

 ...

 [[223 170 204]
  [227 174 208]
  [229 176 210]
  ...
  [126  87  94]
  [128  87  94]
  [128  87  94]]

 [[227 174 208]
  [229 176 210]
  [232 180 214]
  ...
  [132  93 100]
  [133  94 101]
  [128  89  96]]

 [[225 173 207]
  [223 170 204]
  [222 169 203]
  ...
  [138  99 105]
  [139 100 107]
  [139 100 107]]]",0.016666781
1640978057903922313,"[[[151 108 161]
  [160 117 170]
  [161 117 173]
  ...
  [119  71 104]
  [122  76 109]
  [123  77 110]]

 [[157 113 166]
  [159 116 169]
  [161 117 173]
  ...
  [118  70 103]
  [122  76 109]
  [123  77 110]]

 [[158 115 168]
  [159 116 169]
  [162 118 174]
  ...
  [108  61  94]
  [116  70 103]
  [122  76 109]]

 ...

 [[223 170 204]
  [227 174 208]
  [229 176 210]
  ...
  [126  87  94]
  [128  87  94]
  [128  87  94]]

 [[227 174 208]
  [229 176 210]
  [232 180 214]
  ...
  [132  93 100]
  [133  94 101]
  [128  89  96]]

 [[225 173 207]
  [223 170 204]
  [222 169 203]
  ...
  [138  99 105]
  [139 100 107]
  [139 100 107]]]",0.016667131
1640978057920589034,"[[[151 108 161]
  [160 117 170]
  [161 117 173]
  ...
  [119  71 104]
  [122  76 109]
  [123  77 110]]

 [[157 113 166]
  [159 116 169]
  [161 117 173]
  ...
  [118  70 103]
  [122  76 109]
  [123  77 110]]

 [[158 115 168]
  [159 116 169]
  [162 118 174]
  ...
  [108  61  94]
  [116  70 103]
  [122  76 109]]

 ...

 [[223 170 204]
  [227 174 208]
  [229 176 210]
  ...
  [126  87  94]
  [128  87  94]
  [128  87  94]]

 [[227 174 208]
  [229 176 210]
  [232 180 214]
  ...
  [132  93 100]
  [133  94 101]
  [128  89  96]]

 [[225 173 207]
  [223 170 204]
  [222 169 203]
  ...
  [138  99 105]
  [139 100 107]
  [139 100 107]]]",0.016667186
1640978057937255902,"[[[157 115 159]
  [159 116 160]
  [158 114 158]
  ...
  [108  70  95]
  [112  73  98]
  [112  73  98]]

 [[157 115 159]
  [157 115 159]
  [158 114 158]
  ...
  [113  75 100]
  [113  75 100]
  [112  73  98]]

 [[161 119 162]
  [161 119 162]
  [155 113 157]
  ...
  [114  76 101]
  [110  74  98]
  [112  76 101]]

 ...

 [[226 181 207]
  [218 172 199]
  [213 168 194]
  ...
  [134  89  94]
  [137  90  98]
  [134  88  96]]

 [[216 170 196]
  [214 169 195]
  [218 172 199]
  ...
  [140  94 102]
  [141  95 103]
  [140  94 102]]

 [[213 168 194]
  [220 175 201]
  [223 177 203]
  ...
  [149 103 111]
  [148 102 110]
  [147 101 109]]]",0.016667388
1640978057953922215,"[[[157 115 159]
  [159 116 160]
  [158 114 158]
  ...
  [108  70  95]
  [112  73  98]
  [112  73  98]]

 [[157 115 159]
  [157 115 159]
  [158 114 158]
  ...
  [113  75 100]
  [113  75 100]
  [112  73  98]]

 [[161 119 162]
  [161 119 162]
  [155 113 157]
  ...
  [114  76 101]
  [110  74  98]
  [112  76 101]]

 ...

 [[226 181 207]
  [218 172 199]
  [213 168 194]
  ...
  [134  89  94]
  [137  90  98]
  [134  88  96]]

 [[216 170 196]
  [214 169 195]
  [218 172 199]
  ...
  [140  94 102]
  [141  95 103]
  [140  94 102]]

 [[213 168 194]
  [220 175 201]
  [223 177 203]
  ...
  [149 103 111]
  [148 102 110]
  [147 101 109]]]",0.016667035
1640978057970588861,"[[[157 115 159]
  [159 116 160]
  [158 114 158]
  ...
  [108  70  95]
  [112  73  98]
  [112  73  98]]

 [[157 115 159]
  [157 115 159]
  [158 114 158]
  ...
  [113  75 100]
  [113  75 100]
  [112  73  98]]

 [[161 119 162]
  [161 119 162]
  [155 113 157]
  ...
  [114  76 101]
  [110  74  98]
  [112  76 101]]

 ...

 [[226 181 207]
  [218 172 199]
  [213 168 194]
  ...
  [134  89  94]
  [137  90  98]
  [134  88  96]]

 [[216 170 196]
  [214 169 195]
  [218 172 199]
  ...
  [140  94 102]
  [141  95 103]
  [140  94 102]]

 [[213 168 194]
  [220 175 201]
  [223 177 203]
  ...
  [149 103 111]
  [148 102 110]
  [147 101 109]]]",0.016667015
1640978057987255452,"[[[157 115 159]
  [159 116 160]
  [158 114 158]
  ...
  [108  70  95]
  [112  73  98]
  [112  73  98]]

 [[157 115 159]
  [157 115 159]
  [158 114 158]
  ...
  [113  75 100]
  [113  75 100]
  [112  73  98]]

 [[161 119 162]
  [161 119 162]
  [155 113 157]
  ...
  [114  76 101]
  [110  74  98]
  [112  76 101]]

 ...

 [[226 181 207]
  [218 172 199]
  [213 168 194]
  ...
  [134  89  94]
  [137  90  98]
  [134  88  96]]

 [[216 170 196]
  [214 169 195]
  [218 172 199]
  ...
  [140  94 102]
  [141  95 103]
  [140  94 102]]

 [[213 168 194]
  [220 175 201]
  [223 177 203]
  ...
  [149 103 111]
  [148 102 110]
  [147 101 109]]]",0.01666694
1640978058003922784,"[[[157 115 159]
  [159 116 160]
  [158 114 158]
  ...
  [108  70  95]
  [112  73  98]
  [112  73  98]]

 [[157 115 159]
  [157 115 159]
  [158 114 158]
  ...
  [113  75 100]
  [113  75 100]
  [112  73  98]]

 [[161 119 162]
  [161 119 162]
  [155 113 157]
  ...
  [114  76 101]
  [110  74  98]
  [112  76 101]]

 ...

 [[226 181 207]
  [218 172 199]
  [213 168 194]
  ...
  [134  89  94]
  [137  90  98]
  [134  88  96]]

 [[216 170 196]
  [214 169 195]
  [218 172 199]
  ...
  [140  94 102]
  [141  95 103]
  [140  94 102]]

 [[213 168 194]
  [220 175 201]
  [223 177 203]
  ...
  [149 103 111]
  [148 102 110]
  [147 101 109]]]",0.016667606
1640978058020588609,"[[[157 115 159]
  [159 116 160]
  [158 114 158]
  ...
  [108  70  95]
  [112  73  98]
  [112  73  98]]

 [[157 115 159]
  [157 115 159]
  [158 114 158]
  ...
  [113  75 100]
  [113  75 100]
  [112  73  98]]

 [[161 119 162]
  [161 119 162]
  [155 113 157]
  ...
  [114  76 101]
  [110  74  98]
  [112  76 101]]

 ...

 [[226 181 207]
  [218 172 199]
  [213 168 194]
  ...
  [134  89  94]
  [137  90  98]
  [134  88  96]]

 [[216 170 196]
  [214 169 195]
  [218 172 199]
  ...
  [140  94 102]
  [141  95 103]
  [140  94 102]]

 [[213 168 194]
  [220 175 201]
  [223 177 203]
  ...
  [149 103 111]
  [148 102 110]
  [147 101 109]]]",0.016666765
1640978058037255976,"[[[157 115 159]
  [159 116 160]
  [158 114 158]
  ...
  [108  70  95]
  [112  73  98]
  [112  73  98]]

 [[157 115 159]
  [157 115 159]
  [158 114 158]
  ...
  [113  75 100]
  [113  75 100]
  [112  73  98]]

 [[161 119 162]
  [161 119 162]
  [155 113 157]
  ...
  [114  76 101]
  [110  74  98]
  [112  76 101]]

 ...

 [[226 181 207]
  [218 172 199]
  [213 168 194]
  ...
  [134  89  94]
  [137  90  98]
  [134  88  96]]

 [[216 170 196]
  [214 169 195]
  [218 172 199]
  ...
  [140  94 102]
  [141  95 103]
  [140  94 102]]

 [[213 168 194]
  [220 175 201]
  [223 177 203]
  ...
  [149 103 111]
  [148 102 110]
  [147 101 109]]]",0.016667466
1640978058053922417,"[[[166 122 169]
  [166 122 169]
  [166 122 169]
  ...
  [114  70 105]
  [116  72 107]
  [115  71 106]]

 [[166 122 169]
  [167 124 170]
  [167 124 170]
  ...
  [115  71 106]
  [117  73 108]
  [116  72 107]]

 [[156 110 157]
  [165 120 166]
  [161 118 164]
  ...
  [113  69 104]
  [115  71 106]
  [114  70 105]]

 ...

 [[227 175 206]
  [227 175 206]
  [227 174 208]
  ...
  [132  96 102]
  [130  92 101]
  [129  91 100]]

 [[227 177 209]
  [227 177 209]
  [229 176 210]
  ...
  [129  92  98]
  [135  95 105]
  [135  95 105]]

 [[228 179 210]
  [227 177 209]
  [229 176 210]
  ...
  [131  94 101]
  [135  95 105]
  [135  95 105]]]",0.016667241
1640978058070589024,"[[[166 122 169]
  [166 122 169]
  [166 122 169]
  ...
  [114  70 105]
  [116  72 107]
  [115  71 106]]

 [[166 122 169]
  [167 124 170]
  [167 124 170]
  ...
  [115  71 106]
  [117  73 108]
  [116  72 107]]

 [[156 110 157]
  [165 120 166]
  [161 118 164]
  ...
  [113  69 104]
  [115  71 106]
  [114  70 105]]

 ...

 [[227 175 206]
  [227 175 206]
  [227 174 208]
  ...
  [132  96 102]
  [130  92 101]
  [129  91 100]]

 [[227 177 209]
  [227 177 209]
  [229 176 210]
  ...
  [129  92  98]
  [135  95 105]
  [135  95 105]]

 [[228 179 210]
  [227 177 209]
  [229 176 210]
  ...
  [131  94 101]
  [135  95 105]
  [135  95 105]]]",0.016667182
1640978058087255428,"[[[166 122 169]
  [166 122 169]
  [166 122 169]
  ...
  [114  70 105]
  [116  72 107]
  [115  71 106]]

 [[166 122 169]
  [167 124 170]
  [167 124 170]
  ...
  [115  71 106]
  [117  73 108]
  [116  72 107]]

 [[156 110 157]
  [165 120 166]
  [161 118 164]
  ...
  [113  69 104]
  [115  71 106]
  [114  70 105]]

 ...

 [[227 175 206]
  [227 175 206]
  [227 174 208]
  ...
  [132  96 102]
  [130  92 101]
  [129  91 100]]

 [[227 177 209]
  [227 177 209]
  [229 176 210]
  ...
  [129  92  98]
  [135  95 105]
  [135  95 105]]

 [[228 179 210]
  [227 177 209]
  [229 176 210]
  ...
  [131  94 101]
  [135  95 105]
  [135  95 105]]]",0.01666692
1640978058103922480,"[[[166 122 169]
  [166 122 169]
  [166 122 169]
  ...
  [114  70 105]
  [116  72 107]
  [115  71 106]]

 [[166 122 169]
  [167 124 170]
  [167 124 170]
  ...
  [115  71 106]
  [117  73 108]
  [116  72 107]]

 [[156 110 157]
  [165 120 166]
  [161 118 164]
  ...
  [113  69 104]
  [115  71 106]
  [114  70 105]]

 ...

 [[227 175 206]
  [227 175 206]
  [227 174 208]
  ...
  [132  96 102]
  [130  92 101]
  [129  91 100]]

 [[227 177 209]
  [227 177 209]
  [229 176 210]
  ...
  [129  92  98]
  [135  95 105]
  [135  95 105]]

 [[228 179 210]
  [227 177 209]
  [229 176 210]
  ...
  [131  94 101]
  [135  95 105]
  [135  95 105]]]",0.016667306
1640978058120589383,"[[[166 122 169]
  [166 122 169]
  [166 122 169]
  ...
  [114  70 105]
  [116  72 107]
  [115  71 106]]

 [[166 122 169]
  [167 124 170]
  [167 124 170]
  ...
  [115  71 106]
  [117  73 108]
  [116  72 107]]

 [[156 110 157]
  [165 120 166]
  [161 118 164]
  ...
  [113  69 104]
  [115  71 106]
  [114  70 105]]

 ...

 [[227 175 206]
  [227 175 206]
  [227 174 208]
  ...
  [132  96 102]
  [130  92 101]
  [129  91 100]]

 [[227 177 209]
  [227 177 209]
  [229 176 210]
  ...
  [129  92  98]
  [135  95 105]
  [135  95 105]]

 [[228 179 210]
  [227 177 209]
  [229 176 210]
  ...
  [131  94 101]
  [135  95 105]
  [135  95 105]]]",0.016667543
1640978058137255935,"[[[166 122 169]
  [166 122 169]
  [166 122 169]
  ...
  [114  70 105]
  [116  72 107]
  [115  71 106]]

 [[166 122 169]
  [167 124 170]
  [167 124 170]
  ...
  [115  71 106]
  [117  73 108]
  [116  72 107]]

 [[156 110 157]
  [165 120 166]
  [161 118 164]
  ...
  [113  69 104]
  [115  71 106]
  [114  70 105]]

 ...

 [[227 175 206]
  [227 175 206]
  [227 174 208]
  ...
  [132  96 102]
  [130  92 101]
  [129  91 100]]

 [[227 177 209]
  [227 177 209]
  [229 176 210]
  ...
  [129  92  98]
  [135  95 105]
  [135  95 105]]

 [[228 179 210]
  [227 177 209]
  [229 176 210]
  ...
  [131  94 101]
  [135  95 105]
  [135  95 105]]]",0.016667429
1640978058153921876,"[[[154 114 158]
  [155 116 159]
  [158 118 161]
  ...
  [105  70  92]
  [109  72  94]
  [104  66  89]]

 [[153 113 157]
  [153 113 157]
  [158 118 161]
  ...
  [106  71  93]
  [109  72  94]
  [107  70  92]]

 [[153 113 157]
  [157 117 160]
  [158 118 161]
  ...
  [111  76  98]
  [112  73  98]
  [109  71  96]]

 ...

 [[223 168 202]
  [225 170 204]
  [226 171 206]
  ...
  [140  98 101]
  [132  90  93]
  [121  78  81]]

 [[222 167 201]
  [220 165 200]
  [223 168 202]
  ...
  [138  97  97]
  [139  97 100]
  [126  84  87]]

 [[231 176 210]
  [230 175 209]
  [229 174 208]
  ...
  [138  97  97]
  [144 102 105]
  [144 102 105]]]",0.016666704
1640978058170588909,"[[[154 114 158]
  [155 116 159]
  [158 118 161]
  ...
  [105  70  92]
  [109  72  94]
  [104  66  89]]

 [[153 113 157]
  [153 113 157]
  [158 118 161]
  ...
  [106  71  93]
  [109  72  94]
  [107  70  92]]

 [[153 113 157]
  [157 117 160]
  [158 118 161]
  ...
  [111  76  98]
  [112  73  98]
  [109  71  96]]

 ...

 [[223 168 202]
  [225 170 204]
  [226 171 206]
  ...
  [140  98 101]
  [132  90  93]
  [121  78  81]]

 [[222 167 201]
  [220 165 200]
  [223 168 202]
  ...
  [138  97  97]
  [139  97 100]
  [126  84  87]]

 [[231 176 210]
  [230 175 209]
  [229 174 208]
  ...
  [138  97  97]
  [144 102 105]
  [144 102 105]]]",0.016667071
1640978058187255368,"[[[154 114 158]
  [155 116 159]
  [158 118 161]
  ...
  [105  70  92]
  [109  72  94]
  [104  66  89]]

 [[153 113 157]
  [153 113 157]
  [158 118 161]
  ...
  [106  71  93]
  [109  72  94]
  [107  70  92]]

 [[153 113 157]
  [157 117 160]
  [158 118 161]
  ...
  [111  76  98]
  [112  73  98]
  [109  71  96]]

 ...

 [[223 168 202]
  [225 170 204]
  [226 171 206]
  ...
  [140  98 101]
  [132  90  93]
  [121  78  81]]

 [[222 167 201]
  [220 165 200]
  [223 168 202]
  ...
  [138  97  97]
  [139  97 100]
  [126  84  87]]

 [[231 176 210]
  [230 175 209]
  [229 174 208]
  ...
  [138  97  97]
  [144 102 105]
  [144 102 105]]]",0.016666864
1640978058203922494,"[[[154 114 158]
  [155 116 159]
  [158 118 161]
  ...
  [105  70  92]
  [109  72  94]
  [104  66  89]]

 [[153 113 157]
  [153 113 157]
  [158 118 161]
  ...
  [106  71  93]
  [109  72  94]
  [107  70  92]]

 [[153 113 157]
  [157 117 160]
  [158 118 161]
  ...
  [111  76  98]
  [112  73  98]
  [109  71  96]]

 ...

 [[223 168 202]
  [225 170 204]
  [226 171 206]
  ...
  [140  98 101]
  [132  90  93]
  [121  78  81]]

 [[222 167 201]
  [220 165 200]
  [223 168 202]
  ...
  [138  97  97]
  [139  97 100]
  [126  84  87]]

 [[231 176 210]
  [230 175 209]
  [229 174 208]
  ...
  [138  97  97]
  [144 102 105]
  [144 102 105]]]",0.016667324
1640978058220589342,"[[[154 114 158]
  [155 116 159]
  [158 118 161]
  ...
  [105  70  92]
  [109  72  94]
  [104  66  89]]

 [[153 113 157]
  [153 113 157]
  [158 118 161]
  ...
  [106  71  93]
  [109  72  94]
  [107  70  92]]

 [[153 113 157]
  [157 117 160]
  [158 118 161]
  ...
  [111  76  98]
  [112  73  98]
  [109  71  96]]

 ...

 [[223 168 202]
  [225 170 204]
  [226 171 206]
  ...
  [140  98 101]
  [132  90  93]
  [121  78  81]]

 [[222 167 201]
  [220 165 200]
  [223 168 202]
  ...
  [138  97  97]
  [139  97 100]
  [126  84  87]]

 [[231 176 210]
  [230 175 209]
  [229 174 208]
  ...
  [138  97  97]
  [144 102 105]
  [144 102 105]]]",0.016667506
1640978058237256042,"[[[154 114 158]
  [155 116 159]
  [158 118 161]
  ...
  [105  70  92]
  [109  72  94]
  [104  66  89]]

 [[153 113 157]
  [153 113 157]
  [158 118 161]
  ...
  [106  71  93]
  [109  72  94]
  [107  70  92]]

 [[153 113 157]
  [157 117 160]
  [158 118 161]
  ...
  [111  76  98]
  [112  73  98]
  [109  71  96]]

 ...

 [[223 168 202]
  [225 170 204]
  [226 171 206]
  ...
  [140  98 101]
  [132  90  93]
  [121  78  81]]

 [[222 167 201]
  [220 165 200]
  [223 168 202]
  ...
  [138  97  97]
  [139  97 100]
  [126  84  87]]

 [[231 176 210]
  [230 175 209]
  [229 174 208]
  ...
  [138  97  97]
  [144 102 105]
  [144 102 105]]]",0.01666754
1640978058253922539,"[[[169 124 175]
  [168 123 174]
  [158 112 161]
  ...
  [114  72 109]
  [108  66 103]
  [111  68 105]]

 [[167 122 173]
  [168 123 174]
  [163 117 166]
  ...
  [111  68 105]
  [105  62  99]
  [113  71 107]]

 [[164 117 168]
  [164 117 168]
  [169 122 171]
  ...
  [107  66 100]
  [109  67 104]
  [115  73 110]]

 ...

 [[228 171 199]
  [233 175 203]
  [233 177 207]
  ...
  [130  93 100]
  [129  92  98]
  [126  90  96]]

 [[229 174 202]
  [233 178 205]
  [233 177 207]
  ...
  [129  92  98]
  [131  94 101]
  [131  94 101]]

 [[232 177 204]
  [229 174 202]
  [228 172 202]
  ...
  [129  92  98]
  [131  94 101]
  [136  99 105]]]",0.016667371
1640978058270588554,"[[[169 124 175]
  [168 123 174]
  [158 112 161]
  ...
  [114  72 109]
  [108  66 103]
  [111  68 105]]

 [[167 122 173]
  [168 123 174]
  [163 117 166]
  ...
  [111  68 105]
  [105  62  99]
  [113  71 107]]

 [[164 117 168]
  [164 117 168]
  [169 122 171]
  ...
  [107  66 100]
  [109  67 104]
  [115  73 110]]

 ...

 [[228 171 199]
  [233 175 203]
  [233 177 207]
  ...
  [130  93 100]
  [129  92  98]
  [126  90  96]]

 [[229 174 202]
  [233 178 205]
  [233 177 207]
  ...
  [129  92  98]
  [131  94 101]
  [131  94 101]]

 [[232 177 204]
  [229 174 202]
  [228 172 202]
  ...
  [129  92  98]
  [131  94 101]
  [136  99 105]]]",0.01666672
1640978058287255791,"[[[169 124 175]
  [168 123 174]
  [158 112 161]
  ...
  [114  72 109]
  [108  66 103]
  [111  68 105]]

 [[167 122 173]
  [168 123 174]
  [163 117 166]
  ...
  [111  68 105]
  [105  62  99]
  [113  71 107]]

 [[164 117 168]
  [164 117 168]
  [169 122 171]
  ...
  [107  66 100]
  [109  67 104]
  [115  73 110]]

 ...

 [[228 171 199]
  [233 175 203]
  [233 177 207]
  ...
  [130  93 100]
  [129  92  98]
  [126  90  96]]

 [[229 174 202]
  [233 178 205]
  [233 177 207]
  ...
  [129  92  98]
  [131  94 101]
  [131  94 101]]

 [[232 177 204]
  [229 174 202]
  [228 172 202]
  ...
  [129  92  98]
  [131  94 101]
  [136  99 105]]]",0.016667291
1640978058303922324,"[[[169 124 175]
  [168 123 174]
  [158 112 161]
  ...
  [114  72 109]
  [108  66 103]
  [111  68 105]]

 [[167 122 173]
  [168 123 174]
  [163 117 166]
  ...
  [111  68 105]
  [105  62  99]
  [113  71 107]]

 [[164 117 168]
  [164 117 168]
  [169 122 171]
  ...
  [107  66 100]
  [109  67 104]
  [115  73 110]]

 ...

 [[228 171 199]
  [233 175 203]
  [233 177 207]
  ...
  [130  93 100]
  [129  92  98]
  [126  90  96]]

 [[229 174 202]
  [233 178 205]
  [233 177 207]
  ...
  [129  92  98]
  [131  94 101]
  [131  94 101]]

 [[232 177 204]
  [229 174 202]
  [228 172 202]
  ...
  [129  92  98]
  [131  94 101]
  [136  99 105]]]",0.016667158
1640978058320588987,"[[[169 124 175]
  [168 123 174]
  [158 112 161]
  ...
  [114  72 109]
  [108  66 103]
  [111  68 105]]

 [[167 122 173]
  [168 123 174]
  [163 117 166]
  ...
  [111  68 105]
  [105  62  99]
  [113  71 107]]

 [[164 117 168]
  [164 117 168]
  [169 122 171]
  ...
  [107  66 100]
  [109  67 104]
  [115  73 110]]

 ...

 [[228 171 199]
  [233 175 203]
  [233 177 207]
  ...
  [130  93 100]
  [129  92  98]
  [126  90  96]]

 [[229 174 202]
  [233 178 205]
  [233 177 207]
  ...
  [129  92  98]
  [131  94 101]
  [131  94 101]]

 [[232 177 204]
  [229 174 202]
  [228 172 202]
  ...
  [129  92  98]
  [131  94 101]
  [136  99 105]]]",0.016667155
1640978058337255298,"[[[155 112 151]
  [158 115 155]
  [158 115 155]
  ...
  [113  68  92]
  [112  67  91]
  [115  71  94]]

 [[163 120 159]
  [163 120 159]
  [158 115 155]
  ...
  [115  71  94]
  [111  66  90]
  [113  68  92]]

 [[165 122 161]
  [159 116 156]
  [159 116 156]
  ...
  [118  73  97]
  [112  66  93]
  [111  65  91]]

 ...

 [[218 168 195]
  [220 169 196]
  [222 169 196]
  ...
  [129  90 102]
  [130  92 103]
  [130  92 103]]

 [[213 162 189]
  [215 165 192]
  [224 173 202]
  ...
  [138  96 110]
  [136  95 109]
  [138  96 110]]

 [[230 180 207]
  [223 173 200]
  [225 174 204]
  ...
  [138  96 110]
  [138  96 110]
  [138  96 110]]]",0.0166668
1640978058353922016,"[[[155 112 151]
  [158 115 155]
  [158 115 155]
  ...
  [113  68  92]
  [112  67  91]
  [115  71  94]]

 [[163 120 159]
  [163 120 159]
  [158 115 155]
  ...
  [115  71  94]
  [111  66  90]
  [113  68  92]]

 [[165 122 161]
  [159 116 156]
  [159 116 156]
  ...
  [118  73  97]
  [112  66  93]
  [111  65  91]]

 ...

 [[218 168 195]
  [220 169 196]
  [222 169 196]
  ...
  [129  90 102]
  [130  92 103]
  [130  92 103]]

 [[213 162 189]
  [215 165 192]
  [224 173 202]
  ...
  [138  96 110]
  [136  95 109]
  [138  96 110]]

 [[230 180 207]
  [223 173 200]
  [225 174 204]
  ...
  [138  96 110]
  [138  96 110]
  [138  96 110]]]",0.016666852
1640978058370588865,"[[[155 112 151]
  [158 115 155]
  [158 115 155]
  ...
  [113  68  92]
  [112  67  91]
  [115  71  94]]

 [[163 120 159]
  [163 120 159]
  [158 115 155]
  ...
  [115  71  94]
  [111  66  90]
  [113  68  92]]

 [[165 122 161]
  [159 116 156]
  [159 116 156]
  ...
  [118  73  97]
  [112  66  93]
  [111  65  91]]

 ...

 [[218 168 195]
  [220 169 196]
  [222 169 196]
  ...
  [129  90 102]
  [130  92 103]
  [130  92 103]]

 [[213 162 189]
  [215 165 192]
  [224 173 202]
  ...
  [138  96 110]
  [136  95 109]
  [138  96 110]]

 [[230 180 207]
  [223 173 200]
  [225 174 204]
  ...
  [138  96 110]
  [138  96 110]
  [138  96 110]]]",0.016667035
1640978058387255824,"[[[155 112 151]
  [158 115 155]
  [158 115 155]
  ...
  [113  68  92]
  [112  67  91]
  [115  71  94]]

 [[163 120 159]
  [163 120 159]
  [158 115 155]
  ...
  [115  71  94]
  [111  66  90]
  [113  68  92]]

 [[165 122 161]
  [159 116 156]
  [159 116 156]
  ...
  [118  73  97]
  [112  66  93]
  [111  65  91]]

 ...

 [[218 168 195]
  [220 169 196]
  [222 169 196]
  ...
  [129  90 102]
  [130  92 103]
  [130  92 103]]

 [[213 162 189]
  [215 165 192]
  [224 173 202]
  ...
  [138  96 110]
  [136  95 109]
  [138  96 110]]

 [[230 180 207]
  [223 173 200]
  [225 174 204]
  ...
  [138  96 110]
  [138  96 110]
  [138  96 110]]]",0.016667328
1640978058403922524,"[[[155 112 151]
  [158 115 155]
  [158 115 155]
  ...
  [113  68  92]
  [112  67  91]
  [115  71  94]]

 [[163 120 159]
  [163 120 159]
  [158 115 155]
  ...
  [115  71  94]
  [111  66  90]
  [113  68  92]]

 [[165 122 161]
  [159 116 156]
  [159 116 156]
  ...
  [118  73  97]
  [112  66  93]
  [111  65  91]]

 ...

 [[218 168 195]
  [220 169 196]
  [222 169 196]
  ...
  [129  90 102]
  [130  92 103]
  [130  92 103]]

 [[213 162 189]
  [215 165 192]
  [224 173 202]
  ...
  [138  96 110]
  [136  95 109]
  [138  96 110]]

 [[230 180 207]
  [223 173 200]
  [225 174 204]
  ...
  [138  96 110]
  [138  96 110]
  [138  96 110]]]",0.016667362
1640978058420589409,"[[[155 112 151]
  [158 115 155]
  [158 115 155]
  ...
  [113  68  92]
  [112  67  91]
  [115  71  94]]

 [[163 120 159]
  [163 120 159]
  [158 115 155]
  ...
  [115  71  94]
  [111  66  90]
  [113  68  92]]

 [[165 122 161]
  [159 116 156]
  [159 116 156]
  ...
  [118  73  97]
  [112  66  93]
  [111  65  91]]

 ...

 [[218 168 195]
  [220 169 196]
  [222 169 196]
  ...
  [129  90 102]
  [130  92 103]
  [130  92 103]]

 [[213 162 189]
  [215 165 192]
  [224 173 202]
  ...
  [138  96 110]
  [136  95 109]
  [138  96 110]]

 [[230 180 207]
  [223 173 200]
  [225 174 204]
  ...
  [138  96 110]
  [138  96 110]
  [138  96 110]]]",0.016667581
1640978058437520107,"[[[166 121 160]
  [165 119 159]
  [159 114 153]
  ...
  [112  70 105]
  [115  74 108]
  [114  73 107]]

 [[166 121 160]
  [167 122 161]
  [161 116 156]
  ...
  [115  74 108]
  [115  74 108]
  [111  69 104]]

 [[174 129 168]
  [170 124 164]
  [164 118 158]
  ...
  [115  74 108]
  [111  69 104]
  [108  67 101]]

 ...

 [[228 172 202]
  [227 171 201]
  [224 167 199]
  ...
  [130  88  98]
  [136  94 103]
  [137  95 105]]

 [[222 167 199]
  [223 168 201]
  [227 173 205]
  ...
  [139  94 106]
  [136  93 105]
  [133  90 102]]

 [[219 165 197]
  [220 166 198]
  [230 175 208]
  ...
  [142  96 109]
  [140  97 109]
  [135  92 104]]]",0.016931613
1640978058453922568,"[[[166 121 160]
  [165 119 159]
  [159 114 153]
  ...
  [112  70 105]
  [115  74 108]
  [114  73 107]]

 [[166 121 160]
  [167 122 161]
  [161 116 156]
  ...
  [115  74 108]
  [115  74 108]
  [111  69 104]]

 [[174 129 168]
  [170 124 164]
  [164 118 158]
  ...
  [115  74 108]
  [111  69 104]
  [108  67 101]]

 ...

 [[228 172 202]
  [227 171 201]
  [224 167 199]
  ...
  [130  88  98]
  [136  94 103]
  [137  95 105]]

 [[222 167 199]
  [223 168 201]
  [227 173 205]
  ...
  [139  94 106]
  [136  93 105]
  [133  90 102]]

 [[219 165 197]
  [220 166 198]
  [230 175 208]
  ...
  [142  96 109]
  [140  97 109]
  [135  92 104]]]",0.016667408
1640978058470588694,"[[[166 121 160]
  [165 119 159]
  [159 114 153]
  ...
  [112  70 105]
  [115  74 108]
  [114  73 107]]

 [[166 121 160]
  [167 122 161]
  [161 116 156]
  ...
  [115  74 108]
  [115  74 108]
  [111  69 104]]

 [[174 129 168]
  [170 124 164]
  [164 118 158]
  ...
  [115  74 108]
  [111  69 104]
  [108  67 101]]

 ...

 [[228 172 202]
  [227 171 201]
  [224 167 199]
  ...
  [130  88  98]
  [136  94 103]
  [137  95 105]]

 [[222 167 199]
  [223 168 201]
  [227 173 205]
  ...
  [139  94 106]
  [136  93 105]
  [133  90 102]]

 [[219 165 197]
  [220 166 198]
  [230 175 208]
  ...
  [142  96 109]
  [140  97 109]
  [135  92 104]]]",0.016666868
1640978058487255598,"[[[166 121 160]
  [165 119 159]
  [159 114 153]
  ...
  [112  70 105]
  [115  74 108]
  [114  73 107]]

 [[166 121 160]
  [167 122 161]
  [161 116 156]
  ...
  [115  74 108]
  [115  74 108]
  [111  69 104]]

 [[174 129 168]
  [170 124 164]
  [164 118 158]
  ...
  [115  74 108]
  [111  69 104]
  [108  67 101]]

 ...

 [[228 172 202]
  [227 171 201]
  [224 167 199]
  ...
  [130  88  98]
  [136  94 103]
  [137  95 105]]

 [[222 167 199]
  [223 168 201]
  [227 173 205]
  ...
  [139  94 106]
  [136  93 105]
  [133  90 102]]

 [[219 165 197]
  [220 166 198]
  [230 175 208]
  ...
  [142  96 109]
  [140  97 109]
  [135  92 104]]]",0.016667106
1640978058503922483,"[[[166 121 160]
  [165 119 159]
  [159 114 153]
  ...
  [112  70 105]
  [115  74 108]
  [114  73 107]]

 [[166 121 160]
  [167 122 161]
  [161 116 156]
  ...
  [115  74 108]
  [115  74 108]
  [111  69 104]]

 [[174 129 168]
  [170 124 164]
  [164 118 158]
  ...
  [115  74 108]
  [111  69 104]
  [108  67 101]]

 ...

 [[228 172 202]
  [227 171 201]
  [224 167 199]
  ...
  [130  88  98]
  [136  94 103]
  [137  95 105]]

 [[222 167 199]
  [223 168 201]
  [227 173 205]
  ...
  [139  94 106]
  [136  93 105]
  [133  90 102]]

 [[219 165 197]
  [220 166 198]
  [230 175 208]
  ...
  [142  96 109]
  [140  97 109]
  [135  92 104]]]",0.016667325
1640978058520589331,"[[[166 121 160]
  [165 119 159]
  [159 114 153]
  ...
  [112  70 105]
  [115  74 108]
  [114  73 107]]

 [[166 121 160]
  [167 122 161]
  [161 116 156]
  ...
  [115  74 108]
  [115  74 108]
  [111  69 104]]

 [[174 129 168]
  [170 124 164]
  [164 118 158]
  ...
  [115  74 108]
  [111  69 104]
  [108  67 101]]

 ...

 [[228 172 202]
  [227 171 201]
  [224 167 199]
  ...
  [130  88  98]
  [136  94 103]
  [137  95 105]]

 [[222 167 199]
  [223 168 201]
  [227 173 205]
  ...
  [139  94 106]
  [136  93 105]
  [133  90 102]]

 [[219 165 197]
  [220 166 198]
  [230 175 208]
  ...
  [142  96 109]
  [140  97 109]
  [135  92 104]]]",0.016667507
1640978058537255327,"[[[154 107 152]
  [163 116 160]
  [167 120 165]
  ...
  [102  75  96]
  [107  77  98]
  [103  73  94]]

 [[161 114 159]
  [161 114 159]
  [166 119 164]
  ...
  [106  78  99]
  [109  79 100]
  [106  75  97]]

 [[175 126 170]
  [172 122 167]
  [166 119 164]
  ...
  [108  79  97]
  [109  79 100]
  [108  78  99]]

 ...

 [[229 180 211]
  [226 176 208]
  [229 180 211]
  ...
  [134  94 103]
  [126  89  98]
  [129  91 100]]

 [[223 174 205]
  [223 174 205]
  [222 173 204]
  ...
  [131  91 100]
  [132  95 103]
  [133  96 105]]

 [[226 176 208]
  [226 176 208]
  [220 170 202]
  ...
  [136  97 106]
  [136  98 107]
  [137  99 108]]]",0.016666837
1640978058553922416,"[[[154 107 152]
  [163 116 160]
  [167 120 165]
  ...
  [102  75  96]
  [107  77  98]
  [103  73  94]]

 [[161 114 159]
  [161 114 159]
  [166 119 164]
  ...
  [106  78  99]
  [109  79 100]
  [106  75  97]]

 [[175 126 170]
  [172 122 167]
  [166 119 164]
  ...
  [108  79  97]
  [109  79 100]
  [108  78  99]]

 ...

 [[229 180 211]
  [226 176 208]
  [229 180 211]
  ...
  [134  94 103]
  [126  89  98]
  [129  91 100]]

 [[223 174 205]
  [223 174 205]
  [222 173 204]
  ...
  [131  91 100]
  [132  95 103]
  [133  96 105]]

 [[226 176 208]
  [226 176 208]
  [220 170 202]
  ...
  [136  97 106]
  [136  98 107]
  [137  99 108]]]",0.01666726
1640978058570588542,"[[[154 107 152]
  [163 116 160]
  [167 120 165]
  ...
  [102  75  96]
  [107  77  98]
  [103  73  94]]

 [[161 114 159]
  [161 114 159]
  [166 119 164]
  ...
  [106  78  99]
  [109  79 100]
  [106  75  97]]

 [[175 126 170]
  [172 122 167]
  [166 119 164]
  ...
  [108  79  97]
  [109  79 100]
  [108  78  99]]

 ...

 [[229 180 211]
  [226 176 208]
  [229 180 211]
  ...
  [134  94 103]
  [126  89  98]
  [129  91 100]]

 [[223 174 205]
  [223 174 205]
  [222 173 204]
  ...
  [131  91 100]
  [132  95 103]
  [133  96 105]]

 [[226 176 208]
  [226 176 208]
  [220 170 202]
  ...
  [136  97 106]
  [136  98 107]
  [137  99 108]]]",0.01666672
1640978058587255168,"[[[154 107 152]
  [163 116 160]
  [167 120 165]
  ...
  [102  75  96]
  [107  77  98]
  [103  73  94]]

 [[161 114 159]
  [161 114 159]
  [166 119 164]
  ...
  [106  78  99]
  [109  79 100]
  [106  75  97]]

 [[175 126 170]
  [172 122 167]
  [166 119 164]
  ...
  [108  79  97]
  [109  79 100]
  [108  78  99]]

 ...

 [[229 180 211]
  [226 176 208]
  [229 180 211]
  ...
  [134  94 103]
  [126  89  98]
  [129  91 100]]

 [[223 174 205]
  [223 174 205]
  [222 173 204]
  ...
  [131  91 100]
  [132  95 103]
  [133  96 105]]

 [[226 176 208]
  [226 176 208]
  [220 170 202]
  ...
  [136  97 106]
  [136  98 107]
  [137  99 108]]]",0.01666668
1640978058603922868,"[[[154 107 152]
  [163 116 160]
  [167 120 165]
  ...
  [102  75  96]
  [107  77  98]
  [103  73  94]]

 [[161 114 159]
  [161 114 159]
  [166 119 164]
  ...
  [106  78  99]
  [109  79 100]
  [106  75  97]]

 [[175 126 170]
  [172 122 167]
  [166 119 164]
  ...
  [108  79  97]
  [109  79 100]
  [108  78  99]]

 ...

 [[229 180 211]
  [226 176 208]
  [229 180 211]
  ...
  [134  94 103]
  [126  89  98]
  [129  91 100]]

 [[223 174 205]
  [223 174 205]
  [222 173 204]
  ...
  [131  91 100]
  [132  95 103]
  [133  96 105]]

 [[226 176 208]
  [226 176 208]
  [220 170 202]
  ...
  [136  97 106]
  [136  98 107]
  [137  99 108]]]",0.016667714
1640978058620588605,"[[[154 107 152]
  [163 116 160]
  [167 120 165]
  ...
  [102  75  96]
  [107  77  98]
  [103  73  94]]

 [[161 114 159]
  [161 114 159]
  [166 119 164]
  ...
  [106  78  99]
  [109  79 100]
  [106  75  97]]

 [[175 126 170]
  [172 122 167]
  [166 119 164]
  ...
  [108  79  97]
  [109  79 100]
  [108  78  99]]

 ...

 [[229 180 211]
  [226 176 208]
  [229 180 211]
  ...
  [134  94 103]
  [126  89  98]
  [129  91 100]]

 [[223 174 205]
  [223 174 205]
  [222 173 204]
  ...
  [131  91 100]
  [132  95 103]
  [133  96 105]]

 [[226 176 208]
  [226 176 208]
  [220 170 202]
  ...
  [136  97 106]
  [136  98 107]
  [137  99 108]]]",0.016666785
1640978058637255676,"[[[154 107 152]
  [163 116 160]
  [167 120 165]
  ...
  [102  75  96]
  [107  77  98]
  [103  73  94]]

 [[161 114 159]
  [161 114 159]
  [166 119 164]
  ...
  [106  78  99]
  [109  79 100]
  [106  75  97]]

 [[175 126 170]
  [172 122 167]
  [166 119 164]
  ...
  [108  79  97]
  [109  79 100]
  [108  78  99]]

 ...

 [[229 180 211]
  [226 176 208]
  [229 180 211]
  ...
  [134  94 103]
  [126  89  98]
  [129  91 100]]

 [[223 174 205]
  [223 174 205]
  [222 173 204]
  ...
  [131  91 100]
  [132  95 103]
  [133  96 105]]

 [[226 176 208]
  [226 176 208]
  [220 170 202]
  ...
  [136  97 106]
  [136  98 107]
  [137  99 108]]]",0.01666719
1640978058653922227,"[[[161 115 162]
  [162 116 163]
  [164 119 165]
  ...
  [115  68  99]
  [115  71  99]
  [111  67  95]]

 [[161 115 162]
  [158 113 159]
  [161 115 162]
  ...
  [118  71 102]
  [117  73 101]
  [116  72 100]]

 [[150 107 153]
  [161 118 164]
  [168 124 173]
  ...
  [116  72 100]
  [116  71 102]
  [120  76 106]]

 ...

 [[225 168 209]
  [225 168 209]
  [224 170 209]
  ...
  [127  85  94]
  [127  85  93]
  [126  84  91]]

 [[229 171 213]
  [229 171 213]
  [225 171 210]
  ...
  [136  92 100]
  [135  91  98]
  [132  88  96]]

 [[226 169 210]
  [229 171 213]
  [228 173 212]
  ...
  [142  98 105]
  [138  94 102]
  [137  93 101]]]",0.016667075
1640978058670659390,"[[[161 115 162]
  [162 116 163]
  [164 119 165]
  ...
  [115  68  99]
  [115  71  99]
  [111  67  95]]

 [[161 115 162]
  [158 113 159]
  [161 115 162]
  ...
  [118  71 102]
  [117  73 101]
  [116  72 100]]

 [[150 107 153]
  [161 118 164]
  [168 124 173]
  ...
  [116  72 100]
  [116  71 102]
  [120  76 106]]

 ...

 [[225 168 209]
  [225 168 209]
  [224 170 209]
  ...
  [127  85  94]
  [127  85  93]
  [126  84  91]]

 [[229 171 213]
  [229 171 213]
  [225 171 210]
  ...
  [136  92 100]
  [135  91  98]
  [132  88  96]]

 [[226 169 210]
  [229 171 213]
  [228 173 212]
  ...
  [142  98 105]
  [138  94 102]
  [137  93 101]]]",0.016737572
1640978058687256090,"[[[161 115 162]
  [162 116 163]
  [164 119 165]
  ...
  [115  68  99]
  [115  71  99]
  [111  67  95]]

 [[161 115 162]
  [158 113 159]
  [161 115 162]
  ...
  [118  71 102]
  [117  73 101]
  [116  72 100]]

 [[150 107 153]
  [161 118 164]
  [168 124 173]
  ...
  [116  72 100]
  [116  71 102]
  [120  76 106]]

 ...

 [[225 168 209]
  [225 168 209]
  [224 170 209]
  ...
  [127  85  94]
  [127  85  93]
  [126  84  91]]

 [[229 171 213]
  [229 171 213]
  [225 171 210]
  ...
  [136  92 100]
  [135  91  98]
  [132  88  96]]

 [[226 169 210]
  [229 171 213]
  [228 173 212]
  ...
  [142  98 105]
  [138  94 102]
  [137  93 101]]]",0.016667606
1640978058703922161,"[[[161 115 162]
  [162 116 163]
  [164 119 165]
  ...
  [115  68  99]
  [115  71  99]
  [111  67  95]]

 [[161 115 162]
  [158 113 159]
  [161 115 162]
  ...
  [118  71 102]
  [117  73 101]
  [116  72 100]]

 [[150 107 153]
  [161 118 164]
  [168 124 173]
  ...
  [116  72 100]
  [116  71 102]
  [120  76 106]]

 ...

 [[225 168 209]
  [225 168 209]
  [224 170 209]
  ...
  [127  85  94]
  [127  85  93]
  [126  84  91]]

 [[229 171 213]
  [229 171 213]
  [225 171 210]
  ...
  [136  92 100]
  [135  91  98]
  [132  88  96]]

 [[226 169 210]
  [229 171 213]
  [228 173 212]
  ...
  [142  98 105]
  [138  94 102]
  [137  93 101]]]",0.016667011
1640978058726987754,"[[[166 121 172]
  [163 119 169]
  [161 117 166]
  ...
  [110  71  92]
  [109  69  92]
  [104  65  87]]

 [[164 120 171]
  [164 120 171]
  [161 117 166]
  ...
  [113  74  94]
  [113  73  96]
  [109  69  92]]

 [[157 114 162]
  [162 118 167]
  [160 116 164]
  ...
  [110  70  93]
  [113  72  97]
  [116  75 101]]

 ...

 [[223 176 200]
  [223 176 200]
  [223 176 200]
  ...
  [124  88  92]
  [125  89  93]
  [125  89  93]]

 [[223 173 200]
  [227 176 203]
  [225 175 202]
  ...
  [129  93  97]
  [130  94  98]
  [131  95  99]]

 [[222 172 199]
  [222 172 199]
  [228 177 204]
  ...
  [131  95  99]
  [134  99 103]
  [138 102 106]]]",0.023065938
1640978058737255635,"[[[166 121 172]
  [163 119 169]
  [161 117 166]
  ...
  [110  71  92]
  [109  69  92]
  [104  65  87]]

 [[164 120 171]
  [164 120 171]
  [161 117 166]
  ...
  [113  74  94]
  [113  73  96]
  [109  69  92]]

 [[157 114 162]
  [162 118 167]
  [160 116 164]
  ...
  [110  70  93]
  [113  72  97]
  [116  75 101]]

 ...

 [[223 176 200]
  [223 176 200]
  [223 176 200]
  ...
  [124  88  92]
  [125  89  93]
  [125  89  93]]

 [[223 173 200]
  [227 176 203]
  [225 175 202]
  ...
  [129  93  97]
  [130  94  98]
  [131  95  99]]

 [[222 172 199]
  [222 172 199]
  [228 177 204]
  ...
  [131  95  99]
  [134  99 103]
  [138 102 106]]]",0.016667153
1640978058753922020,"[[[166 121 172]
  [163 119 169]
  [161 117 166]
  ...
  [110  71  92]
  [109  69  92]
  [104  65  87]]

 [[164 120 171]
  [164 120 171]
  [161 117 166]
  ...
  [113  74  94]
  [113  73  96]
  [109  69  92]]

 [[157 114 162]
  [162 118 167]
  [160 116 164]
  ...
  [110  70  93]
  [113  72  97]
  [116  75 101]]

 ...

 [[223 176 200]
  [223 176 200]
  [223 176 200]
  ...
  [124  88  92]
  [125  89  93]
  [125  89  93]]

 [[223 173 200]
  [227 176 203]
  [225 175 202]
  ...
  [129  93  97]
  [130  94  98]
  [131  95  99]]

 [[222 172 199]
  [222 172 199]
  [228 177 204]
  ...
  [131  95  99]
  [134  99 103]
  [138 102 106]]]",0.016666872
1640978058771155271,"[[[166 121 172]
  [163 119 169]
  [161 117 166]
  ...
  [110  71  92]
  [109  69  92]
  [104  65  87]]

 [[164 120 171]
  [164 120 171]
  [161 117 166]
  ...
  [113  74  94]
  [113  73  96]
  [109  69  92]]

 [[157 114 162]
  [162 118 167]
  [160 116 164]
  ...
  [110  70  93]
  [113  72  97]
  [116  75 101]]

 ...

 [[223 176 200]
  [223 176 200]
  [223 176 200]
  ...
  [124  88  92]
  [125  89  93]
  [125  89  93]]

 [[223 173 200]
  [227 176 203]
  [225 175 202]
  ...
  [129  93  97]
  [130  94  98]
  [131  95  99]]

 [[222 172 199]
  [222 172 199]
  [228 177 204]
  ...
  [131  95  99]
  [134  99 103]
  [138 102 106]]]",0.017233457
1640978058787255846,"[[[153 116 150]
  [157 120 154]
  [159 122 156]
  ...
  [104  66  96]
  [100  64  93]
  [105  70  99]]

 [[154 118 151]
  [158 121 155]
  [158 121 155]
  ...
  [104  66  96]
  [100  64  93]
  [105  70  99]]

 [[153 118 154]
  [155 120 155]
  [156 121 156]
  ...
  [104  66  96]
  [104  66  96]
  [107  70  99]]

 ...

 [[221 169 201]
  [223 171 203]
  [224 172 204]
  ...
  [129  92  94]
  [130  90  94]
  [131  91  96]]

 [[223 171 203]
  [224 172 204]
  [221 169 201]
  ...
  [134  93  98]
  [134  92 100]
  [137  96 103]]

 [[229 177 209]
  [225 174 205]
  [220 168 199]
  ...
  [136  96 100]
  [137  96 103]
  [137  96 103]]]",0.016667366
1640978058803921990,"[[[153 116 150]
  [157 120 154]
  [159 122 156]
  ...
  [104  66  96]
  [100  64  93]
  [105  70  99]]

 [[154 118 151]
  [158 121 155]
  [158 121 155]
  ...
  [104  66  96]
  [100  64  93]
  [105  70  99]]

 [[153 118 154]
  [155 120 155]
  [156 121 156]
  ...
  [104  66  96]
  [104  66  96]
  [107  70  99]]

 ...

 [[221 169 201]
  [223 171 203]
  [224 172 204]
  ...
  [129  92  94]
  [130  90  94]
  [131  91  96]]

 [[223 171 203]
  [224 172 204]
  [221 169 201]
  ...
  [134  93  98]
  [134  92 100]
  [137  96 103]]

 [[229 177 209]
  [225 174 205]
  [220 168 199]
  ...
  [136  96 100]
  [137  96 103]
  [137  96 103]]]",0.016666844
1640978058820589172,"[[[153 116 150]
  [157 120 154]
  [159 122 156]
  ...
  [104  66  96]
  [100  64  93]
  [105  70  99]]

 [[154 118 151]
  [158 121 155]
  [158 121 155]
  ...
  [104  66  96]
  [100  64  93]
  [105  70  99]]

 [[153 118 154]
  [155 120 155]
  [156 121 156]
  ...
  [104  66  96]
  [104  66  96]
  [107  70  99]]

 ...

 [[221 169 201]
  [223 171 203]
  [224 172 204]
  ...
  [129  92  94]
  [130  90  94]
  [131  91  96]]

 [[223 171 203]
  [224 172 204]
  [221 169 201]
  ...
  [134  93  98]
  [134  92 100]
  [137  96 103]]

 [[229 177 209]
  [225 174 205]
  [220 168 199]
  ...
  [136  96 100]
  [137  96 103]
  [137  96 103]]]",0.01666736
1640978058837635665,"[[[153 116 150]
  [157 120 154]
  [159 122 156]
  ...
  [104  66  96]
  [100  64  93]
  [105  70  99]]

 [[154 118 151]
  [158 121 155]
  [158 121 155]
  ...
  [104  66  96]
  [100  64  93]
  [105  70  99]]

 [[153 118 154]
  [155 120 155]
  [156 121 156]
  ...
  [104  66  96]
  [104  66  96]
  [107  70  99]]

 ...

 [[221 169 201]
  [223 171 203]
  [224 172 204]
  ...
  [129  92  94]
  [130  90  94]
  [131  91  96]]

 [[223 171 203]
  [224 172 204]
  [221 169 201]
  ...
  [134  93  98]
  [134  92 100]
  [137  96 103]]

 [[229 177 209]
  [225 174 205]
  [220 168 199]
  ...
  [136  96 100]
  [137  96 103]
  [137  96 103]]]",0.017047187
1640978058853921868,"[[[153 116 150]
  [157 120 154]
  [159 122 156]
  ...
  [104  66  96]
  [100  64  93]
  [105  70  99]]

 [[154 118 151]
  [158 121 155]
  [158 121 155]
  ...
  [104  66  96]
  [100  64  93]
  [105  70  99]]

 [[153 118 154]
  [155 120 155]
  [156 121 156]
  ...
  [104  66  96]
  [104  66  96]
  [107  70  99]]

 ...

 [[221 169 201]
  [223 171 203]
  [224 172 204]
  ...
  [129  92  94]
  [130  90  94]
  [131  91  96]]

 [[223 171 203]
  [224 172 204]
  [221 169 201]
  ...
  [134  93  98]
  [134  92 100]
  [137  96 103]]

 [[229 177 209]
  [225 174 205]
  [220 168 199]
  ...
  [136  96 100]
  [137  96 103]
  [137  96 103]]]",0.016666724
1640978058870589512,"[[[153 116 150]
  [157 120 154]
  [159 122 156]
  ...
  [104  66  96]
  [100  64  93]
  [105  70  99]]

 [[154 118 151]
  [158 121 155]
  [158 121 155]
  ...
  [104  66  96]
  [100  64  93]
  [105  70  99]]

 [[153 118 154]
  [155 120 155]
  [156 121 156]
  ...
  [104  66  96]
  [104  66  96]
  [107  70  99]]

 ...

 [[221 169 201]
  [223 171 203]
  [224 172 204]
  ...
  [129  92  94]
  [130  90  94]
  [131  91  96]]

 [[223 171 203]
  [224 172 204]
  [221 169 201]
  ...
  [134  93  98]
  [134  92 100]
  [137  96 103]]

 [[229 177 209]
  [225 174 205]
  [220 168 199]
  ...
  [136  96 100]
  [137  96 103]
  [137  96 103]]]",0.016667702
1640978058887255916,"[[[153 104 155]
  [157 107 159]
  [167 118 169]
  ...
  [109  71  96]
  [109  71  96]
  [112  73  98]]

 [[156 106 158]
  [156 106 158]
  [161 112 164]
  ...
  [112  73  98]
  [106  68  93]
  [112  73  98]]

 [[167 118 169]
  [166 117 168]
  [161 112 164]
  ...
  [109  71  96]
  [109  71  96]
  [115  77 102]]

 ...

 [[216 163 199]
  [216 163 199]
  [222 168 205]
  ...
  [133  88  93]
  [133  87  95]
  [140  94 102]]

 [[223 172 208]
  [223 172 208]
  [224 172 206]
  ...
  [137  90  98]
  [134  88  96]
  [140  94 102]]

 [[229 178 214]
  [227 176 212]
  [228 175 209]
  ...
  [140  94 102]
  [141  95 103]
  [140  94 102]]]",0.01666744
1640978058903922783,"[[[153 104 155]
  [157 107 159]
  [167 118 169]
  ...
  [109  71  96]
  [109  71  96]
  [112  73  98]]

 [[156 106 158]
  [156 106 158]
  [161 112 164]
  ...
  [112  73  98]
  [106  68  93]
  [112  73  98]]

 [[167 118 169]
  [166 117 168]
  [161 112 164]
  ...
  [109  71  96]
  [109  71  96]
  [115  77 102]]

 ...

 [[216 163 199]
  [216 163 199]
  [222 168 205]
  ...
  [133  88  93]
  [133  87  95]
  [140  94 102]]

 [[223 172 208]
  [223 172 208]
  [224 172 206]
  ...
  [137  90  98]
  [134  88  96]
  [140  94 102]]

 [[229 178 214]
  [227 176 212]
  [228 175 209]
  ...
  [140  94 102]
  [141  95 103]
  [140  94 102]]]",0.016667641
1640978058920589205,"[[[153 104 155]
  [157 107 159]
  [167 118 169]
  ...
  [109  71  96]
  [109  71  96]
  [112  73  98]]

 [[156 106 158]
  [156 106 158]
  [161 112 164]
  ...
  [112  73  98]
  [106  68  93]
  [112  73  98]]

 [[167 118 169]
  [166 117 168]
  [161 112 164]
  ...
  [109  71  96]
  [109  71  96]
  [115  77 102]]

 ...

 [[216 163 199]
  [216 163 199]
  [222 168 205]
  ...
  [133  88  93]
  [133  87  95]
  [140  94 102]]

 [[223 172 208]
  [223 172 208]
  [224 172 206]
  ...
  [137  90  98]
  [134  88  96]
  [140  94 102]]

 [[229 178 214]
  [227 176 212]
  [228 175 209]
  ...
  [140  94 102]
  [141  95 103]
  [140  94 102]]]",0.016667397
1640978058937255275,"[[[153 104 155]
  [157 107 159]
  [167 118 169]
  ...
  [109  71  96]
  [109  71  96]
  [112  73  98]]

 [[156 106 158]
  [156 106 158]
  [161 112 164]
  ...
  [112  73  98]
  [106  68  93]
  [112  73  98]]

 [[167 118 169]
  [166 117 168]
  [161 112 164]
  ...
  [109  71  96]
  [109  71  96]
  [115  77 102]]

 ...

 [[216 163 199]
  [216 163 199]
  [222 168 205]
  ...
  [133  88  93]
  [133  87  95]
  [140  94 102]]

 [[223 172 208]
  [223 172 208]
  [224 172 206]
  ...
  [137  90  98]
  [134  88  96]
  [140  94 102]]

 [[229 178 214]
  [227 176 212]
  [228 175 209]
  ...
  [140  94 102]
  [141  95 103]
  [140  94 102]]]",0.016666801
1640978058953922383,"[[[153 104 155]
  [157 107 159]
  [167 118 169]
  ...
  [109  71  96]
  [109  71  96]
  [112  73  98]]

 [[156 106 158]
  [156 106 158]
  [161 112 164]
  ...
  [112  73  98]
  [106  68  93]
  [112  73  98]]

 [[167 118 169]
  [166 117 168]
  [161 112 164]
  ...
  [109  71  96]
  [109  71  96]
  [115  77 102]]

 ...

 [[216 163 199]
  [216 163 199]
  [222 168 205]
  ...
  [133  88  93]
  [133  87  95]
  [140  94 102]]

 [[223 172 208]
  [223 172 208]
  [224 172 206]
  ...
  [137  90  98]
  [134  88  96]
  [140  94 102]]

 [[229 178 214]
  [227 176 212]
  [228 175 209]
  ...
  [140  94 102]
  [141  95 103]
  [140  94 102]]]",0.016667243
1640978058970588527,"[[[153 104 155]
  [157 107 159]
  [167 118 169]
  ...
  [109  71  96]
  [109  71  96]
  [112  73  98]]

 [[156 106 158]
  [156 106 158]
  [161 112 164]
  ...
  [112  73  98]
  [106  68  93]
  [112  73  98]]

 [[167 118 169]
  [166 117 168]
  [161 112 164]
  ...
  [109  71  96]
  [109  71  96]
  [115  77 102]]

 ...

 [[216 163 199]
  [216 163 199]
  [222 168 205]
  ...
  [133  88  93]
  [133  87  95]
  [140  94 102]]

 [[223 172 208]
  [223 172 208]
  [224 172 206]
  ...
  [137  90  98]
  [134  88  96]
  [140  94 102]]

 [[229 178 214]
  [227 176 212]
  [228 175 209]
  ...
  [140  94 102]
  [141  95 103]
  [140  94 102]]]",0.016666721
1640978058987255357,"[[[163 123 173]
  [157 117 167]
  [158 115 166]
  ...
  [118  77 105]
  [115  74 100]
  [114  73  98]]

 [[157 117 167]
  [156 116 166]
  [157 114 165]
  ...
  [115  73 101]
  [113  72  97]
  [109  68  94]]

 [[150 109 162]
  [153 113 165]
  [155 115 165]
  ...
  [110  70  95]
  [111  70  98]
  [106  64  92]]

 ...

 [[224 171 207]
  [227 173 210]
  [232 179 215]
  ...
  [133  90  97]
  [136  91 101]
  [135  90 100]]

 [[227 173 210]
  [229 175 212]
  [230 177 213]
  ...
  [137  93 101]
  [144 102 112]
  [143 101 110]]

 [[225 172 208]
  [228 174 211]
  [227 173 210]
  ...
  [138  94 102]
  [143 101 110]
  [149 107 116]]]",0.016666885
1640978059003922723,"[[[163 123 173]
  [157 117 167]
  [158 115 166]
  ...
  [118  77 105]
  [115  74 100]
  [114  73  98]]

 [[157 117 167]
  [156 116 166]
  [157 114 165]
  ...
  [115  73 101]
  [113  72  97]
  [109  68  94]]

 [[150 109 162]
  [153 113 165]
  [155 115 165]
  ...
  [110  70  95]
  [111  70  98]
  [106  64  92]]

 ...

 [[224 171 207]
  [227 173 210]
  [232 179 215]
  ...
  [133  90  97]
  [136  91 101]
  [135  90 100]]

 [[227 173 210]
  [229 175 212]
  [230 177 213]
  ...
  [137  93 101]
  [144 102 112]
  [143 101 110]]

 [[225 172 208]
  [228 174 211]
  [227 173 210]
  ...
  [138  94 102]
  [143 101 110]
  [149 107 116]]]",0.016667585
1640978059020589374,"[[[163 123 173]
  [157 117 167]
  [158 115 166]
  ...
  [118  77 105]
  [115  74 100]
  [114  73  98]]

 [[157 117 167]
  [156 116 166]
  [157 114 165]
  ...
  [115  73 101]
  [113  72  97]
  [109  68  94]]

 [[150 109 162]
  [153 113 165]
  [155 115 165]
  ...
  [110  70  95]
  [111  70  98]
  [106  64  92]]

 ...

 [[224 171 207]
  [227 173 210]
  [232 179 215]
  ...
  [133  90  97]
  [136  91 101]
  [135  90 100]]

 [[227 173 210]
  [229 175 212]
  [230 177 213]
  ...
  [137  93 101]
  [144 102 112]
  [143 101 110]]

 [[225 172 208]
  [228 174 211]
  [227 173 210]
  ...
  [138  94 102]
  [143 101 110]
  [149 107 116]]]",0.01666757
1640978059038723248,"[[[163 123 173]
  [157 117 167]
  [158 115 166]
  ...
  [118  77 105]
  [115  74 100]
  [114  73  98]]

 [[157 117 167]
  [156 116 166]
  [157 114 165]
  ...
  [115  73 101]
  [113  72  97]
  [109  68  94]]

 [[150 109 162]
  [153 113 165]
  [155 115 165]
  ...
  [110  70  95]
  [111  70  98]
  [106  64  92]]

 ...

 [[224 171 207]
  [227 173 210]
  [232 179 215]
  ...
  [133  90  97]
  [136  91 101]
  [135  90 100]]

 [[227 173 210]
  [229 175 212]
  [230 177 213]
  ...
  [137  93 101]
  [144 102 112]
  [143 101 110]]

 [[225 172 208]
  [228 174 211]
  [227 173 210]
  ...
  [138  94 102]
  [143 101 110]
  [149 107 116]]]",0.018134778
1640978059053922777,"[[[163 123 173]
  [157 117 167]
  [158 115 166]
  ...
  [118  77 105]
  [115  74 100]
  [114  73  98]]

 [[157 117 167]
  [156 116 166]
  [157 114 165]
  ...
  [115  73 101]
  [113  72  97]
  [109  68  94]]

 [[150 109 162]
  [153 113 165]
  [155 115 165]
  ...
  [110  70  95]
  [111  70  98]
  [106  64  92]]

 ...

 [[224 171 207]
  [227 173 210]
  [232 179 215]
  ...
  [133  90  97]
  [136  91 101]
  [135  90 100]]

 [[227 173 210]
  [229 175 212]
  [230 177 213]
  ...
  [137  93 101]
  [144 102 112]
  [143 101 110]]

 [[225 172 208]
  [228 174 211]
  [227 173 210]
  ...
  [138  94 102]
  [143 101 110]
  [149 107 116]]]",0.016667641
1640978059070899995,"[[[163 123 173]
  [157 117 167]
  [158 115 166]
  ...
  [118  77 105]
  [115  74 100]
  [114  73  98]]

 [[157 117 167]
  [156 116 166]
  [157 114 165]
  ...
  [115  73 101]
  [113  72  97]
  [109  68  94]]

 [[150 109 162]
  [153 113 165]
  [155 115 165]
  ...
  [110  70  95]
  [111  70  98]
  [106  64  92]]

 ...

 [[224 171 207]
  [227 173 210]
  [232 179 215]
  ...
  [133  90  97]
  [136  91 101]
  [135  90 100]]

 [[227 173 210]
  [229 175 212]
  [230 177 213]
  ...
  [137  93 101]
  [144 102 112]
  [143 101 110]]

 [[225 172 208]
  [228 174 211]
  [227 173 210]
  ...
  [138  94 102]
  [143 101 110]
  [149 107 116]]]",0.016978193
